timestamp,employer,location,job_title,years_at_employer,years_of_experience,salary,signing_bonus,annual_bonus,annual_stock_bonus,gender,additional_comments
2016-03-21 12:59:00,Vertical Knowledge,"Cleveland, OH",Software Engineer,1.0,4.0,86000.0,5000.0,6000.0,0.0,Male,
2016-03-21 13:00:00,NetApp,Waltham,MTS,0.0,4.0,105000.0,5000.0,8500.0,0.0,Male,
2016-03-21 13:01:00,,"Copenhagen, Denmark",Software Developer,1.0,2.0,90500.0,0.0,0.0,0.0,Male,Finance
2016-03-21 13:02:00,Apple,Cupertino,Software Engineer,3.0,4.0,110000.0,5000.0,7000.0,150000.0,Male,
2016-03-21 13:03:00,Knewton,New York City,Senior software engineer,2.0,8.0,135000.0,0.0,0.0,0.0,Male,
2016-03-21 13:04:00,Amplify,NYC,Software Engineer,1.0,2.0,105000.0,0.0,47000.0,0.0,Male,
2016-03-21 13:04:00,,"Seattle, WA",Software Engineer,1.0,9.0,95000.0,0.0,0.0,0.0,Male,
2016-03-21 13:04:00,ThoughtWorks,Chicago,"Software Developer, Consultant",2.0,2.0,78000.0,0.0,0.0,0.0,Male,
2016-03-21 13:04:00,,"Los Angeles, CA",Lead Software Engineer,3.0,5.0,115000.0,0.0,0.0,0.0,Male,
2016-03-21 13:05:00,,Remote (US),Infrastructure Engineer,3.0,12.0,110000.0,10000.0,10000.0,15000.0,Male,
2016-03-21 13:05:00,,"Scottsdale, AZ",Senior Application Architect,10.0,12.0,150000.0,0.0,25000.0,0.0,Male,
2016-03-21 13:05:00,Small B2B Company,Minneapolis,Analyst,1.0,4.0,63000.0,0.0,2000.0,0.0,Male,
2016-03-21 13:05:00,Small B2B Company,Minneapolis,Analyst,1.0,4.0,63000.0,0.0,2000.0,0.0,Male,
2016-03-21 13:05:00,Slalom,Seattle,Senior Engineer,1.0,5.0,93000.0,0.0,15000.0,0.0,Male,
2016-03-21 13:06:00,,,Management Consultant,4.0,10.0,225000.0,100000.0,60000.0,0.0,Male,
2016-03-21 13:06:00,,"Upstate, NY",Developer,4.0,4.0,54000.0,0.0,0.0,0.0,Male,
2016-03-21 13:06:00,Klick Inc.,"Toronto, Canada",Full Stack Developer,3.0,5.0,85000.0,0.0,5000.0,0.0,Male,
2016-03-21 13:07:00,,"Orlando, FL",Sr Software Engineer,2.0,5.0,80000.0,0.0,0.0,0.0,Male,
2016-03-21 13:07:00,30 person startup,San Francisco,Software Engineer,2.0,5.0,125000.0,0.0,0.0,0.0,Male,options were granted but have no real monetary value
2016-03-21 13:08:00,,New York City,Senior Developer,3.0,21.0,134000.0,0.0,0.0,0.0,Male,
2016-03-21 13:08:00,,San Francisco,Engineering Manager,2.0,9.0,176000.0,0.0,10.0,0.0,Male,
2016-03-21 13:08:00,Quick Left,Boulder CO,Senior Developer,1.0,6.0,120000.0,0.0,0.0,500.0,Male,
2016-03-21 13:08:00,,,Full-Stack Engineer,6.0,7.0,75000.0,0.0,0.0,0.0,Male,
2016-03-21 13:09:00,,"Sacramento, CA",Senior Software Engineer,8.0,9.0,130000.0,0.0,10000.0,0.0,Male,
2016-03-21 13:10:00,Startup,"Detroit, MI",Senior Engineer,3.0,8.0,100000.0,0.0,0.0,80000.0,Male,
2016-03-21 13:10:00,,"Ithaca, NY",Software Engineer,0.0,3.0,78000.0,1500.0,4000.0,0.0,Male,
2016-03-21 13:10:00,,New York City,Applications Developer,1.0,2.0,98000.0,0.0,10000.0,0.0,Male,Finance-Buy Side
2016-03-21 13:10:00,,Northern VA,Development Engineer,4.0,4.0,93000.0,2500.0,4000.0,0.0,Male,
2016-03-21 13:11:00,City of Austin,"Austin, Tx",IT Programmer,15.0,40.0,103000.0,0.0,1500.0,0.0,Male,
2016-03-21 13:11:00,,"Vancouver, BC",Developer,3.0,6.0,100000.0,0.0,0.0,10000.0,Male,
2016-03-21 13:11:00,,"Copenhagen, Denmark",CTO,3.0,13.0,108500.0,0.0,0.0,0.0,Male,
2016-03-21 13:12:00,Freelance,"Denver, CO",Software Engineer,11.0,20.0,190000.0,0.0,0.0,0.0,Male,Estimated - bill @ $145-180/hr; don't work year-round.
2016-03-21 13:12:00,.gov,"Albany, NY",Architect,16.0,18.0,119000.0,0.0,2000.0,0.0,Male,
2016-03-21 13:13:00,Self-Employed,"Jersey City, NJ","Consultant, CTO as needed",1.0,8.0,325000.0,0.0,0.0,0.0,Male,
2016-03-21 13:13:00,Financial sector,"Bristol, UK",Software analyst,1.0,2.0,23000.0,0.0,500.0,0.0,Male,
2016-03-21 13:13:00,,"Boston, MA",Software Architect,1.0,6.0,145000.0,5000.0,0.0,0.0,Male,
2016-03-21 13:13:00,Comcast,"Philadelphia, PA",Python Engineer,1.0,5.0,138000.0,0.0,0.0,0.0,Male,"W2 Contractor, 70$/hr."
2016-03-21 13:13:00,,"Washington, USA",Senior Software Engineer,0.0,14.0,130000.0,0.0,0.0,0.0,Male,
2016-03-21 13:14:00,Small B2B Company,"Barcelona, Spain",System Administrator,10.0,10.0,1575.0,0.0,3000.0,0.0,Male,
2016-03-21 13:14:00,,,Sr Engineer,1.0,15.0,140000.0,5000.0,15000.0,50000.0,Male,
2016-03-21 13:14:00,Startup,"San Francisco, CA",Software Engineer,1.0,2.5,100000.0,0.0,0.0,0.0,Male,Completed coding bootcamp in 2013
2016-03-21 13:14:00,,"Austin, TX",Software Engineer,2.0,4.0,115000.0,10000.0,11500.0,14000.0,Male,
2016-03-21 13:14:00,Cornell University,"Ithaca, NY",PhD student,4.0,4.0,28500.0,0.0,0.0,0.0,Male,
2016-03-21 13:15:00,Amazon,Seattle,Software Development Engineer,1.0,0.0,95000.0,22000.0,20000.0,52000.0,Male,
2016-03-21 13:15:00,,NYC,Programmer,1.0,3.5,90000.0,0.0,0.0,0.0,Male,
2016-03-21 13:15:00,Synopsys,San Francisco,"Software Engineer, Sr 1",2.0,3.0,115000.0,0.0,10000.0,5000.0,Male,
2016-03-21 13:16:00,,Boston,Software Developer,1.0,1.0,80000.0,0.0,0.0,0.0,Male,Web developer at a magazine / news site
2016-03-21 13:16:00,,"Boston, MA",Sr Software Engineer,1.0,5.0,115000.0,5000.0,8500.0,0.0,Male,
2016-03-21 13:17:00,B2B,NJ,Senior Developer,3.0,10.0,140000.0,0.0,10000.0,0.0,Male,
2016-03-21 13:17:00,Texas Tech University System,"Lubbock, TX",Programmer Analyst III,3.0,7.0,55000.0,0.0,0.0,0.0,Male,
2016-03-21 13:17:00,UNC-CH/NCSU Joint Biomedical Engr. Dept,"Raleigh, NC",Phd Student,1.0,4.0,24073.0,0.0,0.0,0.0,Male,NIH Paygrade covers Health+Tuition
2016-03-21 13:17:00,Investment Bank,"New York, NY",M&A Analyst,1.0,1.0,85000.0,15000.0,70000.0,0.0,Male,Soul sucking
2016-03-21 13:17:00,,"Portland, OR",Senior Software Engineer,1.0,7.0,95000.0,0.0,0.0,0.0,Male,
2016-03-21 13:17:00,Apple,Sunnyvale,Senior Software Engineer,2.0,10.0,151000.0,20000.0,40000.0,10000.0,Male,
2016-03-21 13:17:00,,New Zealand,Developer,3.0,3.0,62000.0,0.0,0.0,0.0,Male,
2016-03-21 13:17:00,Conde Nast,"New York City, NY",Software Engineer - Level 2,4.0,8.0,112000.0,0.0,2.0,0.0,Male,
2016-03-21 13:18:00,,,Director of Product Engineering,1.0,0.0,125000.0,0.0,0.0,8000.0,Male,
2016-03-21 13:18:00,Pariveda Solutions,Dallas,Consultant II,2.0,3.0,77000.0,5000.0,0.0,0.0,Male,Pay is uniform across all markets with exception of NY and SF. Insane benefits.
2016-03-21 13:18:00,Starbucks Coffee Company,"Seattel, WA",Senior Application Developer,3.0,10.0,127000.0,0.0,15.0,10.0,Male,
2016-03-21 13:18:00,,,Software Engineer,1.0,2.0,106500.0,0.0,0.0,0.0,Male,
2016-03-21 13:19:00,,,Product Manager,4.0,1.0,85000.0,0.0,8500.0,0.0,Male,
2016-03-21 13:20:00,"Anixter, Inc",,Information Security Engineer,2.0,7.0,97000.0,0.0,5000.0,0.0,Male,
2016-03-21 13:20:00,Yahoo!,1,Senior Software Development Engineer,6.0,10.0,93000.0,15000.0,9000.0,0.0,Male,
2016-03-21 13:20:00,FactSet,1,Software Engineer,3.0,5.0,120000.0,5000.0,0.0,0.0,other,
2016-03-21 13:21:00,JP Morgan,114,Senior Java Dev,5.0,8.0,45000.0,0.0,3000.0,0.0,Male,
2016-03-21 13:21:00,Microsoft,2,SDE II,4.0,4.0,125000.0,50000.0,10000.0,5000.0,Male,
2016-03-21 13:21:00,Google NYC,1,SWE III,1.0,10.0,135500.0,50000.0,22300.0,43700.0,Male,signing bonus in form of paid relocation
2016-03-21 13:21:00,Tamr Inc,,Software Engineer,1.0,5.0,135000.0,0.0,0.0,0.0,Male,
2016-03-21 13:21:00,Rockfish Interactive,1,Developer II,2.0,5.0,65000.0,0.0,1950.0,0.0,Male,
2016-03-21 13:21:00,Small non-startup SW company,,Senior Software Engineer,4.0,14.0,92500.0,0.0,0.0,0.0,Male,
2016-03-21 13:21:00,,92705,Backend Web Developer,4.0,10.0,145000.0,20000.0,7000.0,0.0,Male,
2016-03-21 13:21:00,Amazon,98102,UX Designer II,1.0,1.0,12000.0,55000.0,15000.0,20000.0,Male,
2016-03-21 13:21:00,DoD Contractor,,Software Eng. III,1.0,4.0,100000.0,0.0,0.0,0.0,Male,
2016-03-21 13:21:00,Walmartlabs,94086,Principal/Lead Software Engineer,4.0,14.0,190000.0,150000.0,50000.0,75000.0,Male,
2016-03-21 13:21:00,,,Software Engineer,0.0,8.0,180000.0,0.0,0.0,0.0,Male,No benefits
2016-03-21 13:22:00,,PaloAlto,Mechanical Engineer,3.0,3.0,90000.0,10000.0,5000.0,60000.0,Male,
2016-03-21 13:22:00,,20008,Engineer,2.0,2.0,135000.0,0.0,0.0,2000.0,Male,
2016-03-21 13:22:00,,,Data Scientist,7.0,8.0,86500.0,0.0,13000.0,2000.0,Male,
2016-03-21 13:22:00,,,Senior Software Engineer,1.0,10.0,100000.0,0.0,0.0,0.0,Male,
2016-03-21 13:22:00,Iceland,London,Sales Assistant,0.0,0.0,8000.0,0.0,0.0,0.0,Male,"Great retail job, £7.98 an hour, higher than the competition bar from Aldi, Lidl"
2016-03-21 13:22:00,Grubhub,,Senior software engineer,2.0,7.0,128000.0,0.0,0.0,5000.0,Male,
2016-03-21 13:22:00,Software,,Senior Developer,3.0,5.0,90000.0,0.0,7500.0,0.0,Female,
2016-03-21 13:22:00,,55414,Software Engineer,1.0,3.0,70000.0,0.0,1300.0,0.0,Male,
2016-03-21 13:23:00,Google,Mountain View,Senior Software Engineer,5.0,15.0,178000.0,15000.0,50000.0,100000.0,Male,Love every day of my job
2016-03-21 13:23:00,,Boston,Data Scientist,4.0,4.0,85000.0,0.0,5000.0,0.0,Male,
2016-03-21 13:26:00,Amazon,98105,UX Designer II,1.0,1.0,120000.0,0.0,0.0,0.0,Male,
2016-03-21 13:23:00,Caesartenders,0,Software engineer,2.0,7.0,62000.0,0.0,0.0,0.0,Male,
2016-03-21 13:23:00,,95814,Developer,4.0,8.0,148000.0,0.0,2000.0,0.0,Male,
2016-03-21 13:23:00,Cap1,,Data Engineer,0.0,0.0,80000.0,10000.0,5000.0,0.0,Male,
2016-03-21 13:24:00,,,Director of Engineering,4.0,10.0,175000.0,0.0,15000.0,25000.0,Male,
2016-03-21 13:24:00,,"Boston, MA",Software Engineer,1.0,7.0,100000.0,0.0,0.0,0.0,Male,Non-profit Institute
2016-03-21 13:24:00,Analyst Warehouse,Dallas Tx,Software developer,1.0,10.0,90000.0,0.0,0.0,0.0,Male,
2016-03-21 13:24:00,Self,Austin,Owner,5.0,12.0,80000.0,0.0,120000.0,0.0,Male,
2016-03-21 13:24:00,,Toronto,Development Lead,1.0,12.0,110000.0,0.0,0.0,0.0,Male,
2016-03-21 13:24:00,VMware,Seattle,Sr. MTS,1.0,10.0,155000.0,25000.0,15000.0,0.0,Male,
2016-03-21 13:24:00,,"Phoenix, AZ",Web Developer,2.0,5.0,105000.0,0.0,0.0,0.0,Male,
2016-03-21 13:24:00,Fyber Gmbh,Berlin,Senior Software Developer,4.0,9.0,65000.0,3000.0,0.0,0.0,Male,
2016-03-21 13:24:00,,98105,Sr. Director of Program Management,2.0,12.0,187468.0,0.0,0.0,0.0,Male,
2016-03-21 13:26:00,,"Salt Lake City, UT",Software Engineer,6.0,8.0,92000.0,0.0,0.0,0.0,Male,
2016-03-21 13:24:00,,,Software Developer,3.0,3.0,66111.0,0.0,0.0,0.0,Male,
2016-03-21 13:24:00,Facebook,Seattle,Software Engineer,4.0,6.0,225000.0,50000.0,45000.0,200000.0,Male,
2016-03-21 13:25:00,,,Data Scientist,0.0,0.0,70000.0,0.0,0.0,2500.0,Male,
2016-03-21 13:25:00,DuPont Pioneer,"Johnston, Iowa",Software Developer,3.0,10.0,125000.0,10000.0,15000.0,0.0,Male,
2016-03-21 13:25:00,,"Istanbul, Turkey",Software developer,1.0,1.0,24000.0,0.0,800.0,0.0,Male,Pay in USD
2016-03-21 13:25:00,Newspaper Company,California,CTO,1.0,8.0,100000.0,0.0,0.0,0.0,Male,
2016-03-21 13:25:00,BHHC,"Omaha, NE",FP&A Analyst,3.0,3.0,46500.0,0.0,0.0,0.0,Male,
2016-03-21 13:25:00,Optum,"Plymouth, MN",Software Engineer,1.0,6.0,85000.0,3000.0,5000.0,1000.0,Male,
2016-03-21 13:25:00,MathWorks,Boston Metro,Senior Software Engineer,4.0,10.0,115000.0,0.0,10000.0,0.0,Male,
2016-03-21 13:25:00,,Boston,Data Scientist,0.0,3.0,110000.0,0.0,10000.0,10000.0,Male,
2016-03-21 13:26:00,Hewlett Packard Enterprise,Sunnyvale,Software Engineer,1.0,1.0,100000.0,10000.0,0.0,3000.0,Male,
2016-03-21 13:26:00,Autodesk,San Francisco,Software Engineer,0.0,5.0,130000.0,0.0,13000.0,5000.0,Male,
2016-03-21 13:26:00,Facebook,Menlo Park,Software Engineer,1.0,3.0,150000.0,50000.0,15000.0,100000.0,Male,
2016-03-21 13:26:00,Accretive Technology Group,Seattle,Software Developer,1.0,1.0,75000.0,0.0,2000.0,0.0,Male,
2016-03-21 13:26:00,,"Orlando, FL",Game Designer,1.0,0.0,46000.0,0.0,0.0,0.0,Male,
2016-03-21 13:26:00,Sunpower,"Richmond, CA",Financial Engineer,1.0,0.0,87000.0,0.0,8000.0,0.0,Male,Mainly software for finance
2016-03-21 13:26:00,,,Software Engineer,0.0,3.0,130000.0,0.0,0.0,0.0,Male,
2016-03-21 13:27:00,Amazon.com,Seattle,SDE,4.0,4.0,91000.0,20000.0,0.0,35000.0,Female,
2016-03-21 13:27:00,,"Montreal, QC",Senior software developer,1.0,6.0,75000.0,1300.0,0.0,0.0,Male,
2016-03-21 13:27:00,Pricespy,"Ängelholm, Sweden",Agent Developer,1.0,0.0,300000.0,0.0,0.0,0.0,Male,
2016-03-21 13:27:00,-,Remote US,Senior Security Engineer,3.0,12.0,115000.0,0.0,46000.0,0.0,Male,
2016-03-21 13:27:00,Microsoft,Redmond,SDE II,3.0,3.0,145000.0,50000.0,28000.0,0.0,Male,
2016-03-21 13:27:00,Synapticon,Stuttgart,Robotics/Embedded systems engineer,0.0,0.0,43000.0,0.0,0.0,0.0,Male,5 years old company
2016-03-21 13:27:00,,"San Francisco, CA",Software Engineer,1.0,2.0,123000.0,25000.0,12000.0,0.0,Male,
2016-03-21 13:27:00,Quattro Folia,Helsinki,Senior Software Engineer,1.0,9.0,6000.0,6000.0,0.0,0.0,Male,
2016-03-21 13:27:00,,London,Software Developer,1.0,3.0,35000.0,0.0,0.0,0.0,Male,
2016-03-21 13:27:00,"Justice Systems, Inc","Albuquerque, NM",Software Engineer,1.0,2.0,51000.0,0.0,0.0,0.0,Male,
2016-03-21 13:28:00,Google,Mountain View,Software Engineer II,2.0,2.0,131000.0,15000.0,20000.0,50000.0,Male,
2016-03-21 13:28:00,,,Senior Software Developer,5.0,8.0,166500.0,0.0,0.0,55000.0,Male,
2016-03-21 13:28:00,,"Barcelona, Spain",Developer,2.0,3.0,35000.0,0.0,0.0,0.0,Male,Euros
2016-03-21 13:28:00,Pariveda Solutions,Dallas,Consultant 2,2.0,2.0,77000.0,5000.0,0.0,0.0,Male,
2016-03-21 13:28:00,,Boston MA,software engineer,4.0,4.0,90000.0,0.0,0.0,0.0,Male,
2016-03-21 13:28:00,Vmware,Palo Alto,Member of Technical Staff,3.0,4.0,125000.0,40000.0,16000.0,0.0,Male,
2016-03-21 13:28:00,,"Huntsville, AL",Software Developer,1.0,1.0,60000.0,0.0,0.0,0.0,Male,
2016-03-21 13:29:00,iQmetrix,"Regina, SK Canada",Software Developer,1.0,0.0,55000.0,0.0,0.0,0.0,Male,
2016-03-21 13:29:00,Twitter,SF,Senior Software Engineer,1.0,8.0,170000.0,0.0,0.0,35000.0,Male,
2016-03-21 13:29:00,Series C SaaS Provider,"San Francisco, CA",Full Stack Engineer,2.0,16.0,132000.0,0.0,0.0,0.0,Male,
2016-03-21 13:29:00,University of Oklahoma,"Norman, Ok",IT Support Technician III,14.0,16.0,37500.0,0.0,0.0,0.0,Male,
2016-03-21 13:29:00,,"Vancouver, Canada",Dev.Ops,3.0,12.0,116000.0,0.0,50000.0,0.0,Male,
2016-03-21 13:30:00,Picwell,Philadelphia,Data Scientist,1.0,2.0,75000.0,0.0,0.0,0.0,Male,
2016-03-21 13:30:00,,,IT Support Specialist,3.0,10.0,51000.0,0.0,1.0,0.0,Male,
2016-03-21 13:30:00,,"Minneapolis, MN",Sr. Software Engineer,4.0,5.0,74000.0,0.0,5000.0,0.0,Male,
2016-03-21 13:30:00,,"La Mirada, CA",Multimedia Designer II,1.0,5.0,60000.0,0.0,2000.0,0.0,Male,
2016-03-21 13:30:00,nope,United States,Software developer,4.0,5.0,61000.0,1000.0,1000.0,0.0,Male,
2016-03-21 13:30:00,,Canada,Director of Engineering,6.0,20.0,130000.0,0.0,0.0,5000.0,Male,Currency = CAD
2016-03-21 13:30:00,,"Seattle, WA",BI Engineer,3.0,2.0,65000.0,0.0,0.0,0.0,Male,
2016-03-21 13:30:00,IGS Energy,"Columbus, OH",Application Developer,1.0,3.0,65000.0,0.0,5000.0,0.0,Male,
2016-03-21 13:30:00,,SF,Security Engineer,1.0,7.0,107500.0,19000.0,0.0,8000.0,Male,
2016-03-21 13:31:00,,"New York, NY",Software Architect,1.0,10.0,180000.0,35000.0,40000.0,0.0,Male,
2016-03-21 13:31:00,,San Francisco,Software Engineer,2.0,2.0,125000.0,10000.0,8000.0,0.0,Female,
2016-03-21 13:31:00,SpotX,"Denver, CO",Software Engineer,2.0,7.0,84000.0,1500.0,1500.0,0.0,Male,
2016-03-21 13:31:00,SolarCity,SF,Software Engineer,2.0,3.0,120000.0,0.0,0.0,30000.0,Male,
2016-03-21 13:31:00,,Canada,Software Engineer,4.0,4.0,120000.0,0.0,0.0,0.0,Male,
2016-03-21 13:31:00,Perk.com,"Austin, TX",Developer,0.0,2.0,54000.0,2500.0,0.0,0.0,Male,
2016-03-21 13:31:00,,"Chicago, IL",Web Developer,9.0,10.0,57000.0,1500.0,1000.0,0.0,Male,Obviously underpaid
2016-03-21 13:31:00,IBM,"San Diego, CA",Software Developer,8.0,9.0,151000.0,15000.0,5000.0,5000.0,Male,
2016-03-21 13:32:00,Quicken Loans,"Detroit, MI",Sr. Software Engineer,3.0,5.0,82000.0,0.0,13000.0,0.0,Male,
2016-03-21 13:32:00,Goldman Sachs,London,Analyst (Technology),0.0,0.0,60000.0,13000.0,5000.0,0.0,Male,Amounts converted from GBP to USD
2016-03-21 13:32:00,,Latvia,WEB Developer,0.0,6.0,42000.0,0.0,0.0,0.0,Male,
2016-03-21 13:32:00,University of Washington,"Seattle, WA",Data Scientist,4.0,10.0,101000.0,0.0,0.0,0.0,Male,
2016-03-21 13:32:00,,Boston,Senior Software Developer,1.0,4.0,170000.0,10000.0,25500.0,12500.0,Male,
2016-03-21 13:32:00,State of Oregon,Oregon,Senior Software Developer,5.0,10.0,80000.0,0.0,0.0,0.0,Male,
2016-03-21 13:33:00,NIST,"Gaithersburg, MD",Postdoc,1.0,7.0,67000.0,0.0,0.0,0.0,Male,
2016-03-21 13:33:00,,Seattle,Web Developer,1.0,3.0,62000.0,0.0,0.0,0.0,Male,
2016-03-21 13:33:00,EMC,Seattle,Senior SDE,5.0,5.0,132000.0,10000.0,15000.0,47600.0,Male,
2016-03-21 13:33:00,Bank,"Warsaw, Poland",data mining analyst,5.0,6.0,30000.0,0.0,0.0,0.0,Male,
2016-03-21 13:33:00,Digital Agency,NYC,Analyst,2.0,3.0,80000.0,0.0,1000.0,0.0,Male,
2016-03-21 13:33:00,BI ESFERA,"Asunción, Paraguay",Senior Developer,4.0,10.0,38400.0,0.0,3200.0,0.0,Male,
2016-03-21 13:33:00,,,Software Engineer,0.0,0.0,72000.0,0.0,500.0,0.0,Male,
2016-03-21 13:34:00,,Chicago,Full Stack Engineer,1.0,3.0,102500.0,0.0,0.0,26250.0,Male,
2016-03-21 13:34:00,,"Ankara, Turkey",Software Engineer,3.0,5.0,16000.0,15000.0,3000.0,0.0,Male,
2016-03-21 13:34:00,Ticket Broker,Northern California,Chief of Technology,3.0,15.0,125000.0,0.0,6000.0,8000.0,Male,
2016-03-21 13:34:00,IBM Canada,"Toronto, Canada",PeopleSoft Administrator,10.0,15.0,112000.0,0.0,0.0,0.0,Male,
2016-03-21 13:35:00,,"Boston, MA",Software Engineer,1.0,1.0,85000.0,7500.0,0.0,0.0,Female,Financial Analytics Company
2016-03-21 13:35:00,Missouri University of Science and Technology,"Rolla, MO, USA",Secondary Cluster Administrator,1.0,3.0,43000.0,0.0,0.0,0.0,Male,
2016-03-21 13:37:00,,"Westminster, CO",Principal Software Engineer,2.0,20.0,125000.0,0.0,14000.0,0.0,Male,
2016-03-21 13:35:00,Non-Profit,Boston,TechOps Manager,3.0,5.0,28800.0,0.0,500.0,0.0,Male,
2016-03-21 13:35:00,SolidFire,"Boulder, CO",Senior Software Engineer,2.0,4.0,113000.0,0.0,9000.0,15000.0,Male,Recently acquired by NetApp
2016-03-21 13:36:00,Zillow Group,San Francisco,Senior Software Engineer,2.0,5.0,145000.0,10000.0,0.0,10000.0,Male,
2016-03-21 13:36:00,Stealth Startup,San Francisco,Programmer,1.0,15.0,175000.0,0.0,0.0,0.0,Male,
2016-03-21 13:36:00,,SEATTLE,SOFTWARE ENGINEER,0.0,4.0,115000.0,350000.0,24000.0,0.0,Male,
2016-03-21 13:36:00,Microsoft,Redmond,SDE II,4.0,11.0,102000.0,6.0,13000.0,22000.0,Male,
2016-03-21 13:36:00,Microsoft,Seattle,Product Manager,1.0,0.0,105000.0,20000.0,0.0,20000.0,Male,
2016-03-21 13:36:00,Facebook,Menlo Park,Data Scientist,4.0,4.0,206000.0,50000.0,50000.0,100000.0,Male,
2016-03-21 13:36:00,IBM,Chicago,Managing Consultant,10.0,10.0,123000.0,2000.0,1000.0,0.0,Male,
2016-03-21 13:37:00,,"Madison, WI",Business system consultant,2.0,2.0,83500.0,5000.0,3000.0,0.0,Male,
2016-03-21 13:37:00,SFDC,San Francisco,Principle Member of Technical Staff,3.0,13.0,156000.0,60000.0,40000.0,25000.0,Male,
2016-03-21 13:37:00,Microsoft,"Seattle, WA",Software Development Engineer,10.0,10.0,190000.0,0.0,65000.0,68000.0,Male,
2016-03-21 13:37:00,Interactive Development Agency,Salt Lake City,Software Developer,2.0,2.0,60000.0,0.0,0.0,0.0,Male,
2016-03-21 13:37:00,Popsugar,"San francisco, ca",Senior software engineer,1.0,12.0,135000.0,0.0,0.0,0.0,Male,
2016-03-21 13:37:00,Facebook,Menlo Park,Software Engineer,1.0,3.0,152000.0,22000.0,15000.0,80000.0,Male,
2016-03-21 13:38:00,,,Sr. Software Architect,1.0,11.0,140000.0,0.0,10000.0,0.0,Male,
2016-03-21 13:38:00,Google,London,Web Solutions Engineer,4.0,8.0,88000.0,0.0,15000.0,35000.0,Male,WSE is not a SWE
2016-03-21 13:38:00,EPAM Systems Inc,Mountain View,Lead Software Engineer,2.0,5.0,130000.0,0.0,20000.0,0.0,Male,
2016-03-21 13:38:00,,Philadelphia,Software Engineer,1.0,3.0,78000.0,5000.0,3000.0,0.0,Male,
2016-03-21 13:38:00,Google,Mountain View,Analyst,4.0,7.0,101000.0,7500.0,15000.0,50000.0,Male,
2016-03-21 13:38:00,Private,"Stuart, FL",Web Developer,2.0,10.0,75000.0,0.0,0.0,0.0,Male,
2016-03-21 13:39:00,,Boston,Product Manager,1.0,5.0,125000.0,0.0,10000.0,0.0,Male,
2016-03-21 13:39:00,Facebook,Menlo Park,Software Engineering Intern,0.0,1.0,96000.0,0.0,0.0,0.0,Male,
2016-03-21 13:39:00,,"Portland, OR",Software Developer,1.0,2.0,88000.0,3000.0,3000.0,0.0,Female,
2016-03-21 13:39:00,,,Senior Software Engineer,1.0,5.0,170000.0,0.0,30000.0,0.0,Male,
2016-03-21 13:39:00,BK Engineering,NC,Software Engineer,4.0,4.0,90000.0,5000.0,8000.0,0.0,Male,
2016-03-21 13:39:00,,"Windsor, Ontario; Canada",Systems Administrator,3.0,10.0,55000.0,0.0,0.0,0.0,Male,
2016-03-21 13:39:00,,"Toronto, Ontario",Software Developer,4.0,16.0,140000.0,0.0,0.0,0.0,Male,
2016-03-21 13:39:00,Anon,Los Angeles,Software Developer,1.0,2.0,60000.0,0.0,0.0,0.0,Male,
2016-03-21 13:39:00,LivePerson,"Atlanta, Georgia",DevOps Engineer,1.0,1.0,46999.0,0.0,0.0,0.0,Male,
2016-03-21 13:40:00,,"Phoenix, AZ",Systems Administrator I,0.0,6.0,59000.0,0.0,0.0,0.0,Male,
2016-03-21 13:40:00,,Edinburgh,Software Developer,1.0,2.0,32000.0,0.0,3000.0,0.0,Male,
2016-03-21 13:40:00,Microsoft,Redmon,Software Engineer,0.0,0.0,106000.0,15000.0,20000.0,30000.0,Male,
2016-03-21 13:40:00,Netflix,Los Gatos,Senior Software Engineer,1.0,10.0,350000.0,0.0,0.0,0.0,Male,"Proof: see the ""Wage Offer From"" column on http://visadoor.com/h1bvisa-by-companies-2015-netflix-inc , which is the actual offered salary. And these are just the H-1Bs."
2016-03-21 13:40:00,Ignition One,New York City,Software Engineer,1.0,8.0,155000.0,0.0,36000.0,0.0,Male,Don't work here.
2016-03-21 13:40:00,< 5 person startup,San Francisco,Software Engineer,1.0,6.0,125000.0,0.0,0.0,25000.0,Male,
2016-03-21 13:40:00,,Remote,Senior Software Engineer,1.0,6.0,140000.0,0.0,0.0,0.0,Male,
2016-03-21 13:40:00,Optum,"Boston, MA",Junior Systems Engineer,3.0,1.0,80000.0,0.0,5.0,0.0,Male,
2016-03-21 13:40:00,A company in SF,Vancouver,Software Engineer,2.0,20.0,125000.0,0.0,1250.0,0.0,Male,
2016-03-21 13:40:00,Intel,"Santa Clara, CA",Senior Software Engineer,4.0,12.0,145000.0,0.0,30000.0,0.0,Male,
2016-03-21 13:40:00,Viacom,New York City,iOS Developer,0.0,1.0,92000.0,0.0,0.0,0.0,Male,
2016-03-21 13:41:00,Series E Funded > $100m,San Francisco,CTO,2.0,10.0,310000.0,0.0,85000.0,45000.0,Male,
2016-03-21 13:41:00,,Wisconsin,System Administrator,5.0,5.0,59000.0,0.0,0.0,0.0,Male,"Smalltown, USA."
2016-03-21 13:41:00,Midstage Startup,"San Francisco, CA",Software Developer,1.0,1.0,120000.0,0.0,12000.0,1000.0,Male,
2016-03-21 13:41:00,Microsoft,"Redmond, WA",Software Developer,2.0,2.0,120000.0,8000.0,8000.0,8000.0,Male,
2016-03-21 13:42:00,City of College Station,"College Station, TX",Systems Analyst,1.0,2.0,51000.0,0.0,0.0,0.0,Male,
2016-03-21 13:42:00,,"Vancouver, BC",Software Developer,2.0,4.0,48000.0,0.0,500.0,0.0,Male,
2016-03-21 13:42:00,Dukker,4chinz,Professional hoe,40.0,55.0,120.0,120.0,12.0,12.0,I identify as attack helicopter,OP is a faggot
2016-03-21 13:42:00,Xoom,SF,Software Engineer,4.0,4.0,125000.0,0.0,0.0,10000.0,Male,
2016-03-21 13:42:00,Harvard University,"Cambridge, MA",Graduate Student / Research Assistant,6.0,6.0,32000.0,0.0,0.0,0.0,Male,"Work over 80 h a week, 7 days a week. Life of a graduate student!"
2016-03-21 13:42:00,Google,Mountain View,Software Engineer,2.0,5.0,140000.0,30000.0,50000.0,50000.0,Male,
2016-03-21 13:42:00,,UK,Frontend Developer,2.0,10.0,34000.0,0.0,0.0,0.0,Male,
2016-03-21 13:43:00,Linklaters,New York City,IT Support Engineer,0.0,6.0,50000.0,0.0,0.0,0.0,Male,"Position is a physical Help Desk. Lot's of working perks. Stocked Pantries with teas, coffees, espressos for free. Every Friday there is a 'Drink Carts' misc snack food and drinks (alcoholic and non). Every Month there is a Popcorn day. Plus more working perks."
2016-03-21 13:43:00,Small Startup,San Francisco,Senior Security Researcher,2.0,13.0,155000.0,0.0,0.0,0.0,Male,
2016-03-21 13:43:00,NetSuite,"Oklahoma City, OK",Sr. Software Engineer II,1.0,15.0,120000.0,0.0,0.0,10000.0,Male,
2016-03-21 13:43:00,Poop Works,San Francisco,CTO,2.0,10.0,190000.0,25000.0,25000.0,25000.0,Male,
2016-03-21 13:43:00,Netlight Consulting,"Stockholm, Sweden",Consultant,1.0,2.0,52200.0,0.0,0.0,0.0,Male,
2016-03-21 13:43:00,Large German Energy Company,Nordrhein-Westfalen,Platform Engineer,2.0,4.0,42000.0,0.0,3000.0,0.0,Male,
2016-03-21 13:44:00,,Houston,Software Consultant,2.0,4.0,90000.0,5000.0,0.0,0.0,Male,10-20% guaranteed pay raise per year
2016-03-21 13:44:00,Salesforce,San francisco,Lead member of technical staff,0.0,5.0,190000.0,15000.0,30000.0,37000.0,Male,
2016-03-21 13:44:00,IBM Watson Research,"Yorktown,NY",Research Intern,1.0,0.0,100000.0,0.0,0.0,0.0,Male,
2016-03-21 13:44:00,Amazon,"Seattle, WA",Software Development Engineer II,2.0,4.0,121000.0,38000.0,0.0,10500.0,Male,
2016-03-21 13:45:00,Yahoo,SF,Software Engineer,3.0,5.0,157500.0,0.0,5000.0,80000.0,Male,
2016-03-21 13:45:00,,"San Mateo, CA",software engineer,1.0,1.0,100000.0,0.0,0.0,0.0,Male,
2016-03-21 13:45:00,Intel,Hillsboro,Device yield engineer,0.0,0.0,117000.0,8000.0,13000.0,1000.0,Male,
2016-03-21 13:46:00,D-wave,Vancouver BC,Algorithmic Software Developer,1.0,3.0,90000.0,0.0,0.0,0.0,Male,
2016-03-21 13:46:00,Meltwater,Sweden,Developer,0.0,6.0,56000.0,0.0,4000.0,0.0,Male,
2016-03-21 13:46:00,,"Santa Monica, Ca",DevOps Engineer,1.0,8.0,157000.0,0.0,5000.0,0.0,Male,
2016-03-21 13:46:00,"Wyle, Inc.","Lexington Park, MD",Software Engineer,3.0,7.0,79000.0,0.0,0.0,0.0,Male,
2016-03-21 13:46:00,,,CTO,0.0,0.0,43000.0,0.0,0.0,0.0,Male,Early stage startup
2016-03-21 13:46:00,Lockheed Martin,"Austin, TX",Senior Business Analyst,3.0,7.0,99500.0,0.0,4000.0,0.0,Male,
2016-03-21 13:46:00,An Unnamed Advertising Agency,"Halifax, NS, Canada",DevOps Lead,1.0,3.0,53000.0,0.0,1500.0,0.0,Male,
2016-03-21 13:46:00,Logic Technology Inc,"Schenectady, NY",Technical Director,12.0,13.0,93500.0,0.0,15000.0,0.0,Male,
2016-03-21 13:46:00,self,"washington, dc",independent software engineer,6.0,14.0,230000.0,0.0,0.0,0.0,Male,
2016-03-21 13:46:00,JP Morgan,London,Associate Developer,1.0,5.0,74000.0,0.0,15000.0,0.0,Male,
2016-03-21 13:46:00,Government/Higher Education,Arizona,Developer / System Analyst,3.0,6.0,46000.0,0.0,0.0,0.0,Male,Job duties are likely the same as a full stack web developer in private industry.
2016-03-21 13:46:00,,Remote (US),Software Developer,3.0,8.0,108000.0,0.0,10000.0,0.0,Male,
2016-03-21 13:46:00,,,Application Developer,3.0,3.0,100000.0,10000.0,10000.0,0.0,Male,
2016-03-21 13:47:00,,Toronto,Senior Software Engineer,1.0,5.0,120000.0,5000.0,10.0,0.0,Male,
2016-03-21 13:47:00,Google,NYC,Software Engineer,10.0,20.0,152000.0,0.0,27000.0,50000.0,Male,
2016-03-21 13:47:00,,"Grand Rapids, MI",Mobile Application Developer,2.0,3.0,65000.0,0.0,0.0,0.0,Male,
2016-03-21 13:47:00,Code for America,San Francisco,Designer,1.0,8.0,96000.0,0.0,0.0,0.0,Male,
2016-03-21 13:47:00,AECOM,"Richmond, KY",Automation Engineer,4.0,17.0,112000.0,0.0,0.0,0.0,Male,
2016-03-21 13:47:00,,"Los Angeles, CA",Software Engineer,1.0,3.0,70000.0,0.0,0.0,0.0,Male,
2016-03-21 13:47:00,Business Insider,"New York, NY",Director of Infrastructure,1.0,0.0,125000.0,0.0,10000.0,0.0,Male,
2016-03-21 13:47:00,TIBCO Software,Palo Alto,Architect / Principal Engineer,8.0,10.0,140000.0,0.0,10000.0,0.0,Male,
2016-03-21 13:47:00,Financial Software Company,"Washington, DC",Software Engineer,2.0,4.0,140000.0,0.0,0.0,0.0,Male,
2016-03-21 13:48:00,SecretSecretSecret,Canada,Team Lead,3.0,6.0,72600.0,0.0,0.0,90000.0,Male,
2016-03-21 13:53:00,Consulting Company,"Chicago, IL",DevOps Engineer,3.0,6.0,95000.0,0.0,0.0,0.0,Male,Consulting for a Fortune 500 company
2016-03-21 13:48:00,Microsoft,Seattle,Software Engineer,0.0,0.0,106000.0,60000.0,10000.0,20000.0,Male,New Grad
2016-03-21 13:48:00,Freelance,Amsterdam,Software engineer,2.0,10.0,90000.0,0.0,0.0,0.0,Male,
2016-03-21 13:48:00,Facebook,Menlo Park,Software engineer,8.0,15.0,420420.0,6969.0,4200.0,690069.0,Female,
2016-03-21 13:48:00,18F,New York city,Innovation Specialist,0.0,7.0,145000.0,0.0,0.0,0.0,Male,
2016-03-21 13:48:00,Logic Technology,"Schenectady, NY",Technical Director,12.0,13.0,73000.0,0.0,5000.0,0.0,Male,
2016-03-21 13:49:00,,"Seattle, WA",Senior Software Engineer,1.0,12.0,150000.0,0.0,0.0,0.0,Male,
2016-03-21 13:49:00,Capital One,Toronto,Senior Software Engineer,1.0,7.0,95000.0,0.0,6000.0,8000.0,Male,
2016-03-21 13:49:00,,,Softwar Engineer,3.0,3.0,85000.0,0.0,3500.0,0.0,Male,
2016-03-21 13:49:00,Luminoso,"Cambridge, MA",Software Engineer,1.0,2.0,75000.0,0.0,0.0,0.0,Male,
2016-03-21 13:49:00,Startup,"San Francisco (Palo Alto), CA",Software Engineer,1.0,3.0,100000.0,2500.0,1500.0,0.0,Male,2% equity over 4 years
2016-03-21 13:50:00,Google,New York,Software Engineer,1.0,1.0,115000.0,15000.0,15000.0,45000.0,Male,
2016-03-21 13:50:00,google,san francisco,CTO Google rail product,5.0,12.0,356000.0,190000.0,70000.0,0.0,Male,
2016-03-21 13:50:00,,San Francisco,Senior Software Engineer,1.0,3.0,128000.0,5000.0,500.0,0.0,,
2016-03-21 13:50:00,,"Boston, MA",NOC Manager,1.0,10.0,125000.0,0.0,12500.0,0.0,Male,
2016-03-21 13:50:00,Tableau Software,Seattle,Senior Software Engineer,5.0,5.0,135000.0,300000.0,13500.0,120000.0,Male,
2016-03-21 13:50:00,RefME,London,Head of Mobile,2.0,2.0,45000.0,0.0,0.0,30000.0,Male,
2016-03-21 13:50:00,,"Melbourne, VIC, AU",Senior consultant,2.0,15.0,120000.0,0.0,0.0,0.0,Male,
2016-03-21 13:50:00,Enterprise Software Company,"Pleasanton, CA",Front end developer,1.0,15.0,105000.0,0.0,0.0,15000.0,Female,
2016-03-21 13:51:00,,,Senior Software Developer,1.0,4.0,107000.0,0.0,12000.0,0.0,Male,
2016-03-21 13:51:00,,san diego,web developer,1.0,6.0,70000.0,0.0,0.0,0.0,Male,
2016-03-21 13:51:00,,"Waterloo, ON",QA Developer,5.0,6.0,80000.0,0.0,5000.0,800.0,Male,
2016-03-21 13:51:00,S,P,AWS Solutions Architect,2.0,10.0,54000.0,0.0,0.0,0.0,Male,
2016-03-21 13:51:00,,,Senior Software Engineer,6.0,10.0,120000.0,0.0,0.0,0.0,Male,
2016-03-21 13:52:00,Gg,Dsvao,Pres,20.0,35.0,75000.0,2000.0,3000.0,0.0,Male,
2016-03-21 13:52:00,,"Seattle, WA",Front end Developer,0.0,2.0,80000.0,0.0,0.0,0.0,Male,
2016-03-21 13:52:00,,"Boston, MA",Software Engineer,2.0,6.0,93000.0,0.0,0.0,0.0,Female,
2016-03-21 13:53:00,,"New York, NY",Director of Engineering,6.0,9.0,170000.0,5000.0,0.0,100000.0,Male,
2016-03-21 13:53:00,IAC Applications,"Yonkers, NY",Senior Engineer,10.0,16.0,124000.0,3000.0,10000.0,0.0,Male,
2016-03-21 13:53:00,Bloomberg,New York City,Software Engineer,0.0,0.0,117000.0,0.0,17000.0,0.0,Male,Starting later this year...
2016-03-21 13:53:00,Squaretrade,San Francisco,Senior Software Engineer,1.0,10.0,135000.0,5000.0,0.0,0.0,Male,
2016-03-21 13:53:00,,Sweden,System Developer,4.0,12.0,55000.0,0.0,5000.0,0.0,Male,Guess I should move to the US
2016-03-21 13:54:00,iversity,Berlin,JavaScript Developer,2.0,3.0,35000.0,0.0,0.0,0.0,Male,
2016-03-21 13:54:00,,"Olympia, WA",Sr DevOps,8.0,15.0,110000.0,0.0,15000.0,0.0,Male,
2016-03-21 13:54:00,Google,Mountain View,SWE,0.0,5.0,135000.0,30000.0,20000.0,60000.0,Male,
2016-03-21 13:54:00,Move2,Sao Paulo,Developer,2.0,7.0,120000.0,0.0,0.0,0.0,Male,
2016-03-21 13:55:00,,"Atlanta, GA",Principal Engineer,6.0,12.0,136000.0,0.0,12000.0,0.0,Male,
2016-03-21 13:57:00,,"Denver, CO",Software Engineer,0.0,4.0,120000.0,0.0,0.0,0.0,Male,
2016-03-21 13:55:00,,"Austin, TX",Software Architect,3.0,4.0,95000.0,0.0,4000.0,0.0,Male,
2016-03-21 13:55:00,,Paris,Project Manager,11.0,0.0,50000.0,0.0,5000.0,0.0,Male,
2016-03-21 13:55:00,,San Francisco,Electrical Engineer,0.0,0.0,100000.0,15000.0,0.0,50000.0,Male,
2016-03-21 13:55:00,,,Programmer/Analyst,1.0,2.0,65000.0,0.0,0.0,0.0,Male,
2016-03-21 13:56:00,WPP,New York,Executive Director of User Experience,2.0,18.0,195000.0,15000.0,10.0,0.0,Male,
2016-03-21 13:56:00,Square,"San Francisco, CA",Software Engineer,3.0,4.0,110000.0,0.0,0.0,250000.0,Male,Annual stock value will be much lower after 4 years
2016-03-21 13:56:00,CHS,,Analyst,4.0,16.0,73000.0,0.0,1000.0,0.0,Male,
2016-03-21 13:56:00,,"Portland, OR",Sr Quality Engineer,3.0,8.0,72000.0,0.0,0.0,0.0,Male,
2016-03-21 13:56:00,,New York,Director of Product,5.0,5.0,115000.0,0.0,0.0,30000.0,Male,
2016-03-21 13:57:00,Amazon,,SDE2,3.0,15.0,125000.0,20000.0,0.0,50000.0,Male,
2016-03-21 13:57:00,,"Regina, SK",Engineer,3.0,5.0,82500.0,0.0,6000.0,0.0,Male,
2016-03-21 13:57:00,,"Chandler, AZ",Systems Engineer,1.0,5.0,73000.0,0.0,0.0,2700.0,Male,
2016-03-21 13:58:00,Intuit,San Francisco,Software Engineer II,1.0,1.0,110000.0,5000.0,10000.0,15000.0,Male,
2016-03-21 13:58:00,Online Training Company,Ireland,Software Development Manager,1.0,10.0,70000.0,0.0,30000.0,0.0,Male,
2016-03-21 13:58:00,test,test,CEO,2.0,4.0,300000.0,10000.0,33333.0,22333.0,Male,none
2016-03-21 13:58:00,,"Minneapolis, MN",Senior Software Engineer,1.0,21.0,135000.0,0.0,500.0,0.0,Male,
2016-03-21 13:58:00,Amazon.com,Seattle,SDE I,2.0,2.0,101000.0,25000.0,0.0,25000.0,Male,
2016-03-21 13:58:00,medium sized ISV,"Montreal, Quebec, Canada",Application Analyst,6.0,16.0,81500.0,0.0,3000.0,0.0,Male,
2016-03-21 13:59:00,Microsoft,Seattle,Program Manager II,3.0,3.0,124000.0,5000.0,13000.0,19000.0,Male,
2016-03-21 13:59:00,Startup,Mississippi,Software Developer,2.0,3.0,49000.0,0.0,700.0,0.0,Male,
2016-03-21 13:59:00,,Cambridge UK,Mechanical Engineer,2.0,5.0,34000.0,0.0,1500.0,0.0,Male,Salary in GBP
2016-03-21 13:59:00,Sef,"San Francisco, CA",Founder,1.0,20.0,0.0,0.0,0.0,0.0,Male,Kill me
2016-03-21 13:59:00,Google,Mountain View,Software engineer,2.0,2.0,110000.0,0.0,18000.0,55000.0,Male,
2016-03-21 14:00:00,Stanford University,"Stanford, CA",Graduate student researcher,6.0,0.0,32000.0,0.0,0.0,0.0,Male,
2016-03-21 14:00:00,X,Bosnia,Senior developer,5.0,7.0,300000.0,0.0,0.0,0.0,Male,
2016-03-21 14:00:00,,NYC,Senior Developer,4.0,8.0,150000.0,0.0,14000.0,10000.0,Male,
2016-03-21 14:00:00,Careworks Tech,"Columbus, OH",Lead Front-end Web Developer,2.0,5.0,77957.56,0.0,0.0,0.0,Male,
2016-03-21 14:01:00,Sacramento County,"Sacramento, CA",IT Analyst I,1.0,4.0,61000.0,0.0,0.0,0.0,Male,
2016-03-21 14:01:00,Unnamed Pre-Series A Startup,"Cologne, Germany",Software Engineer,0.0,2.0,48000.0,0.0,4000.0,0.0,Male,
2016-03-21 14:01:00,,"New York, NY",iOS Engineer,1.0,3.0,128000.0,27500.0,15000.0,50000.0,Male,
2016-03-21 14:01:00,NIEHS,"Durham, NC",Software Developer,1.0,2.0,68000.0,0.0,0.0,0.0,Male,
2016-03-21 14:01:00,NetSpend,"Austin, TX",Front-End Developer,1.0,1.0,72000.0,0.0,5500.0,0.0,Male,
2016-03-21 14:01:00,,"Montreal, Canada",Web Developer,1.0,4.0,65000.0,0.0,0.0,0.0,Male,
2016-03-21 14:01:00,,San Francisco,Frontend Developer,1.0,2.0,125000.0,0.0,0.0,0.0,Male,
2016-03-21 14:01:00,,"Portland, OR",Software Engineer,1.0,15.0,92000.0,0.0,1500.0,0.0,Male,
2016-03-21 14:01:00,,Maine,Senior SW Dev,5.0,10.0,65000.0,0.0,1000.0,0.0,Male,
2016-03-21 14:02:00,,"Toronto, ON",Software Engineer,1.0,8.0,98000.0,0.0,0.0,0.0,Male,
2016-03-21 14:02:00,Ad-Tech,New York,Senior Data Analyst,2.0,8.0,110000.0,0.0,10000.0,0.0,Male,I still can't believe people pay me to do what I would be doing for fun anyway
2016-03-21 14:02:00,Open Access Publisher,London,Technical Architect,2.0,4.0,60000.0,0.0,0.0,1000.0,Male,
2016-03-21 14:03:00,DEKA Research,"Manchester, NH",Software Engineer,3.0,5.0,69000.0,2000.0,3000.0,0.0,Male,
2016-03-21 14:03:00,,"Lausanne, Switzerland",Software Developer,1.0,1.0,70000.0,0.0,0.0,0.0,Male,"After a 4 years apprenticeship, PHP, .NET, MySQL, SQL Server"
2016-03-21 14:03:00,SiteCrafting,Tacoma,Web Application Developer,1.0,5.0,52500.0,0.0,0.0,0.0,Male,Tacoma has a relatively low cost of living...but still...
2016-03-21 14:03:00,Instructure,Salt Lake City,Software Engineer,0.0,1.0,75000.0,0.0,0.0,20000.0,Male,
2016-03-21 14:03:00,Domo,"American Fork, UT",Account Executive,1.0,5.0,80000.0,25000.0,140000.0,50000.0,Male,
2016-03-21 14:03:00,,"Missor, USA",Software Developer,1.0,1.0,45000.0,0.0,0.0,0.0,Male,
2016-03-21 14:04:00,,"Santa Clara, CA",Senior Software Engineer,4.0,9.0,140000.0,0.0,0.0,100000.0,Male,
2016-03-21 14:04:00,Insureon Inc.,Chicago,Sr Full-Stack Develop,1.0,7.0,85000.0,0.0,0.0,0.0,Male,
2016-03-21 14:04:00,COMPAS Technology LLC,San Francisco,Full Stack Software Engineer,1.0,3.0,75000.0,0.0,7500.0,0.0,Male,
2016-03-21 14:04:00,Facebook,Menlo Park,Software Engineer,0.0,2.0,145000.0,10000.0,14500.0,0.0,Male,
2016-03-21 14:04:00,,San Francisco,Engineering Manager,0.0,5.0,141000.0,0.0,0.0,30000.0,Male,
2016-03-21 14:04:00,,San Francisco,iOS Developer,2.0,4.0,110000.0,0.0,0.0,0.0,Male,
2016-03-21 14:04:00,AOL,Los Angeles,Senior Product Manager,1.0,3.0,120000.0,0.0,12000.0,5000.0,Male,
2016-03-21 14:04:00,Infosys,Chicago,Technology Architect,7.0,12.0,90000.0,0.0,10.0,0.0,Male,
2016-03-21 14:05:00,,New York,Lead Developer,1.0,2.0,135000.0,0.0,0.0,0.0,Male,
2016-03-21 14:05:00,,"Boca Raton, FL",Senior Network Engineer,9.0,12.0,82000.0,0.0,8000.0,0.0,Male,
2016-03-21 14:05:00,Large Retailer,"New York, NY",Interactive Designer,4.0,9.0,67000.0,0.0,0.0,0.0,Male,
2016-03-21 14:06:00,Twitter,New York City,Senior Software Engineer,2.0,15.0,155000.0,0.0,0.0,325000.0,Male,
2016-03-21 14:06:00,,,iOS Developer,3.0,3.0,12000.0,0.0,0.0,0.0,Male,"Australian living in third-world county, haha!"
2016-03-21 14:06:00,,Chicago,Software Engineer,2.0,3.0,50000.0,0.0,0.0,0.0,Male,"H1B, no I'm not stealing any job. it's a startup"
2016-03-21 14:06:00,Salesforce.com,Seattle,Lead Member of Technical Staff,5.0,10.0,150000.0,0.0,15000.0,30000.0,Male,I love working here.
2016-03-21 14:06:00,Consulting LLC,Midwest,Technical Architect,3.0,0.0,92000.0,0.0,10000.0,0.0,Male,
2016-03-21 14:06:00,,,Designer,5.0,10.0,23000.0,0.0,0.0,20000.0,Male,
2016-03-21 14:06:00,Costco,Issaquah,Analyst,3.0,15.0,110000.0,0.0,0.0,0.0,Female,
2016-03-21 14:07:00,,Boston,IT Service Desk Manager,2.0,5.0,52000.0,0.0,0.0,0.0,Male,
2016-03-21 14:07:00,,"Manchester, UK",Second Line Support Analyst,1.0,2.0,23000.0,0.0,400.0,0.0,Male,Values in GBP
2016-03-21 14:07:00,,Seattle,IT Specialist,1.0,4.0,58000.0,0.0,0.0,0.0,Male,
2016-03-21 14:07:00,,Ottawa,Software Developer,3.0,15.0,82000.0,0.0,10000.0,0.0,Male,
2016-03-21 14:07:00,Ericsson,Ireland,Software Engineer,1.0,4.0,40000.0,0.0,0.0,0.0,Male,
2016-03-21 14:07:00,Google,Sydney,SWE,5.0,15.0,130000.0,0.0,20000.0,40000.0,Male,
2016-03-21 14:08:00,,"Plano, TX",Senior IOS Engineer,1.0,7.0,115000.0,0.0,7.0,0.0,Male,
2016-03-21 14:08:00,Self-Employed,DC-VA-MD area,Consultant,3.0,3.0,300000.0,0.0,0.0,40000.0,Male,Annual base pay is average between last year's revenue and this year's expected revenue
2016-03-21 14:08:00,,,Marketing Manager,2.0,5.0,75000.0,0.0,0.0,60000.0,Male,
2016-03-21 14:08:00,Freelance,Peru,Software Engineer,2.0,5.0,200000.0,0.0,0.0,40000.0,Male,Rough (low end) estimate on salary. Hard to predict. Depends on workflow
2016-03-21 14:09:00,"Square, Inc",San Francisco,Software Engineer,3.0,3.0,115000.0,0.0,0.0,60000.0,Male,White guy here
2016-03-21 14:09:00,,"Toronto, ON",Software Developer,1.0,4.0,72000.0,0.0,0.0,0.0,Male,
2016-03-21 14:09:00,,Upstate New York,Jr Engineer,1.0,1.0,65000.0,0.0,0.0,0.0,Male,
2016-03-21 14:09:00,State Farm,"Phoenix, Az",Software Developer,1.0,2.0,63000.0,4000.0,6000.0,0.0,Male,
2016-03-21 14:10:00,B2B,Remote US,Senior Developer,11.0,14.0,110000.0,0.0,0.0,0.0,Male,
2016-03-21 14:10:00,,,Senior Software Engineer,1.0,10.0,170000.0,10000.0,30000.0,0.0,Male,"great environment and culture, work-life, etc"
2016-03-21 14:10:00,Facebook,,Software Engineer,1.0,2.0,105000.0,75000.0,10000.0,40000.0,,
2016-03-21 14:10:00,Shoretel,Milwaukee,Developer,4.0,8.0,80000.0,0.0,8000.0,0.0,Male,"Bonus is dependent on company performance, said to be ~10% of salary for most people, but as an aquisition I'm not even eligible until 2017."
2016-03-21 14:10:00,IBM,,Front End Engineer,1.0,4.0,90000.0,2000.0,500.0,0.0,Male,
2016-03-21 14:10:00,Johns Hopkins,Baltimore,PhD Student,4.0,2.0,24000.0,0.0,0.0,0.0,Male,
2016-03-21 14:10:00,Logmein,San Francisco,Senior Software Engineer,2.0,4.0,110000.0,0.0,0.0,0.0,Male,
2016-03-21 14:10:00,Google,New York City,Software Engineer II (Level 3),1.0,4.0,117500.0,0.0,18000.0,45000.0,Male,
2016-03-21 14:10:00,Twitter,"San Francisco, CA",Software Engineer,1.0,3.0,140000.0,0.0,0.0,50000.0,Male,
2016-03-21 14:11:00,Self,USA,Telecom Engineering Consultant,20.0,22.0,200000.0,0.0,0.0,0.0,Male,
2016-03-21 14:11:00,Audible,Newark,SDE 2,3.0,3.0,120000.0,15000.0,0.0,40000.0,Male,
2016-03-21 14:11:00,,"San Francisco, CA","Product Specialist, Sr",3.0,12.0,136000.0,0.0,12000.0,0.0,Male,
2016-03-21 14:11:00,,,Product Manager,2.0,15.0,175000.0,20000.0,20000.0,15000.0,Male,
2016-03-21 14:11:00,Facebook,North Carolina,Software Engineer,2.0,12.0,198000.0,25000.0,40000.0,100000.0,Male,
2016-03-21 14:11:00,-,"Brisbane, Australia",Senior Software Engineer,1.0,15.0,115000.0,0.0,0.0,0.0,Male,
2016-03-21 14:11:00,Civil Engineering Company,Memphis,Project Manager E.I,5.0,5.0,65000.0,0.0,0.0,0.0,Male,
2016-03-21 14:11:00,L-mobile Software Solutions GmbH,"Sulzbach an der Murr, Germany",Software Engineer,4.0,6.0,40000.0,0.0,0.0,0.0,Male,
2016-03-21 14:12:00,Bioinformatics company,Nijmegen,Internship,0.0,0.0,12000.0,0.0,0.0,0.0,Male,This is my final internship after which I will be graduating as a BS in Bioinformatics. The company has offered me a job for after graduation.
2016-03-21 14:12:00,Intel Corporation,"Folsom, CA",Application Developer,2.0,2.0,74000.0,6000.0,3000.0,15000.0,Male,
2016-03-21 14:12:00,sovrn holdings,"boulder, co",software engineer,1.0,6.0,105000.0,0.0,0.0,0.0,Male,
2016-03-21 14:12:00,,Philadelphia,Database Analyst,4.0,4.0,50000.0,0.0,0.0,0.0,Male,
2016-03-21 14:12:00,,"Montreal, Canada",Backend Web Developer,1.0,5.0,45000.0,0.0,2000.0,0.0,Male,
2016-03-21 14:12:00,Small Agency,Midwest,Web Developer,2.0,4.0,62000.0,0.0,0.0,0.0,Male,
2016-03-21 14:12:00,,"Kansas City, MO",Software Engineer,2.0,4.0,70000.0,0.0,1000.0,0.0,Male,"Looking for a better place, business has fallen on hard times and they can't even do a 5% annual pay increase."
2016-03-21 14:13:00,Midsized Company,Midwest,Data Architect,1.0,1.0,74000.0,0.0,3000.0,5000.0,Female,
2016-03-21 14:13:00,Amazon,"Santa Monica, CA",SDE I,1.0,1.0,95000.0,27000.0,0.0,15000.0,Male,
2016-03-21 14:13:00,DigitalOcean,Virginia,Ruby Engineer,1.0,10.0,130000.0,0.0,7000.0,15000.0,Male,
2016-03-21 14:13:00,Misc,Halifax,Data Scientist,1.0,1.0,55000.0,0.0,2000.0,0.0,Male,
2016-03-21 14:13:00,,Bay Area,Manager Information Systems,6.0,9.0,175000.0,0.0,15000.0,20000.0,Male,
2016-03-21 14:14:00,Photo hosting company,"Mountain View, CA",Engineer,3.0,13.0,150000.0,0.0,2000.0,0.0,Male,
2016-03-21 14:14:00,,Bay Area,SW Security Architect,6.0,6.0,170000.0,0.0,30000.0,250000.0,Male,
2016-03-21 14:14:00,,New York,Programmer,3.0,13.0,205000.0,0.0,0.0,0.0,Male,
2016-03-21 14:14:00,,Berlin,Software Engineer,1.0,0.0,42000.0,0.0,0.0,0.0,Male,
2016-03-21 14:14:00,IXL Learning,"San Mateo, CA",Sr. Software Engineer,3.0,4.0,125000.0,0.0,0.0,0.0,Male,
2016-03-21 14:14:00,MITRE,Bedford MA,Lead Software Systems Engineer,6.0,10.0,111500.0,3500.0,0.0,0.0,Male,
2016-03-21 14:14:00,Google,Seattle,SDE,0.0,0.0,110.0,5.0,15.0,45.0,Male,New Hire - College Grad (MS)
2016-03-21 14:15:00,Expedia,Seattle,Software Development Engineer II,3.0,3.0,105000.0,0.0,12000.0,0.0,Male,
2016-03-21 14:15:00,E commerce Company,"Boston, MA",Sr Engineer,4.0,12.0,135000.0,0.0,20000.0,0.0,Male,You wouldn't want to work here. I just do it for the $$.
2016-03-21 14:15:00,Startup,"Adelaide, Australia",Senior Software Engineer,4.0,15.0,85000.0,0.0,0.0,0.0,Male,
2016-03-21 14:15:00,Dish,"Denver, CO",Software Engineer,1.0,1.0,70000.0,0.0,0.0,0.0,Male,
2016-03-21 14:16:00,Teradata Corp,San Diego,Software Engineer,3.0,6.0,78000.0,0.0,300.0,0.0,Male,
2016-03-21 14:16:00,Datis HR Cloud,"Tampa, FL",Software Developer,0.0,15.0,115000.0,5000.0,2500.0,0.0,Male,
2016-03-21 14:16:00,Radius,San Francisco,Software Engineer,2.0,5.0,135000.0,0.0,0.0,30000.0,Male,
2016-03-21 14:16:00,Microsoft,"Redmond, WA",Software Engineer,7.0,7.0,144000.0,0.0,20000.0,10000.0,Male,
2016-03-21 14:17:00,Washington Post,"Washington, DC",Full Stack Developer,0.0,0.0,80000.0,5000.0,0.0,0.0,Male,
2016-03-21 14:17:00,,"New York, NY",Senior Software Engineer,1.0,12.0,135000.0,0.0,0.0,0.0,Male,
2016-03-21 14:17:00,SSU,Vancouver,Web Developer,1.0,5.0,550000.0,0.0,0.0,0.0,Male,
2016-03-21 14:18:00,inContact,"Salt Lake City, UT",Senior Software Engineer,4.0,7.0,95000.0,0.0,8000.0,0.0,Male,
2016-03-21 14:18:00,,"Norfolk, VA",Senior Software Engineer,6.0,8.0,103000.0,0.0,5000.0,0.0,Male,
2016-03-21 14:18:00,Accenture,Washington DC,Analyst,2.0,2.0,72000.0,5000.0,5000.0,1000.0,Male,
2016-03-21 14:18:00,,New York City,Senior Developer,2.0,7.0,112000.0,0.0,0.0,0.0,Male,
2016-03-21 14:19:00,client in HR,France - Lyon,Developer,1.0,1.0,25000.0,0.0,0.0,0.0,Male,
2016-03-21 14:19:00,,San Francisco,Software Engineer,1.0,3.0,110000.0,0.0,0.0,0.0,Male,
2016-03-21 14:19:00,ONERA,"Toulouse, France",PhD Candidate,4.0,5.0,32000.0,0.0,0.0,0.0,Male,PhD candidates dont get paid well
2016-03-21 14:19:00,Think Big,"Mountain View, CA",Senior Data Engineer,4.0,5.0,145000.0,0.0,15000.0,8000.0,Male,
2016-03-21 14:19:00,Microsoft,"Redmond, WA",Software Engineer II,7.0,7.0,128000.0,30000.0,10000.0,8000.0,Male,
2016-03-21 14:19:00,Dropbox,San Francisco,Online Marketing,1.0,5.0,110000.0,25000.0,0.0,40000.0,Male,
2016-03-21 14:20:00,PricewaterhouseCoopers,Australia,Senior Software Engineer,1.0,5.0,97000.0,0.0,2000.0,0.0,Male,
2016-03-21 14:20:00,Apple,Sunnyvale,Software Engineer,2.0,2.0,118000.0,20000.0,10000.0,100000.0,Male,
2016-03-21 14:20:00,Gest,Austin,CEO,1.0,1.0,36000.0,0.0,0.0,0.0,Male,
2016-03-21 14:20:00,KBC,Belgium,Data scientist,2.0,5.0,69000.0,0.0,5000.0,0.0,Male,
2016-03-21 14:20:00,,Madrid,Unity Developer,0.0,4.0,25000.0,0.0,0.0,0.0,Male,
2016-03-21 14:20:00,,"Bay Area, CA",Research scientist,2.0,6.0,91000.0,0.0,0.0,0.0,Male,
2016-03-21 14:21:00,,Vancouver,Software Developer,1.0,5.0,86000.0,0.0,0.0,0.0,Male,
2016-03-21 14:21:00,Facebook,Menlo Park,Software Engineer,1.0,1.0,135000.0,50000.0,30000.0,30000.0,Male,
2016-03-21 14:21:00,BAH,Maryland,Senior Software Engineer,1.0,15.0,101000.0,0.0,0.0,0.0,Male,
2016-03-21 14:22:00,FCSA,"Omaha, NE",Software Engineer - Consultant,1.0,12.0,150000.0,0.0,0.0,0.0,Male,
2016-03-21 14:22:00,,San Francisco,Solution Principal,2.0,11.0,156000.0,0.0,20000.0,0.0,Male,
2016-03-21 14:22:00,,NYC,Senior Front end Dev,1.0,5.0,105000.0,0.0,0.0,0.0,Male,Looking for something else now + more money
2016-03-21 14:22:00,Ergon Energy,"Brisbane, Australia",Senior Telecommunications Specialist,1.0,10.0,1250000.0,0.0,0.0,0.0,Male,
2016-03-21 14:22:00,Nav Canada,"Ottawa, Canada",Software Developer,1.0,5.0,83000.0,0.0,0.0,0.0,Male,Unionized with collective agreement
2016-03-21 14:22:00,Billups,97034,Director of Product Management,1.0,15.0,135000.0,0.0,0.0,0.0,Male,
2016-03-21 14:22:00,,New Yrok,Senior Software Engineer,1.0,9.0,130000.0,0.0,15000.0,0.0,Male,
2016-03-21 14:22:00,,Chicago,Senior Software Engineer,5.0,12.0,102000.0,0.0,2500.0,0.0,Male,
2016-03-21 14:23:00,,"Denver, CO",Software Engineer,1.0,1.0,66000.0,0.0,0.0,0.0,Male,
2016-03-21 14:23:00,,San Francisco,Group Product Manager,0.0,0.0,160000.0,0.0,0.0,0.0,Male,
2016-03-21 14:24:00,Segment,San Francisco,Operations,1.0,2.0,105000.0,0.0,0.0,5000.0,Male,
2016-03-21 14:24:00,,San Francisco,Software Engineer,1.0,9.0,122500.0,5000.0,0.0,0.0,Male,
2016-03-21 14:24:00,,"Austin, TX",Software Developer,2.0,4.0,80000.0,0.0,0.0,0.0,Male,
2016-03-21 14:24:00,Private Internet Access,Los Angeles,Media,7.0,20.0,36000.0,0.0,0.0,0.0,Male,
2016-03-21 14:24:00,,"St. Louis, MO",Web Developer,5.0,12.0,65000.0,0.0,0.0,0.0,Male,
2016-03-21 14:24:00,,New York,Ad Ops Coordinator,1.0,1.0,55000.0,0.0,0.0,20000.0,Male,
2016-03-21 14:24:00,Buffer,"Toronto, ON",Mobile Engineering Lead,2.0,6.0,103595.0,0.0,0.0,0.0,Male,
2016-03-21 14:24:00,Innova Bilisim,İstanbul,Application development specialist,2.0,3.0,54000.0,0.0,4000.0,0.0,Male,
2016-03-21 14:24:00,,Oakland,Senior Software Engineer,0.0,15.0,160000.0,0.0,0.0,0.0,Male,Stock value is unknown in this startup.
2016-03-21 14:25:00,CenturyLink,"Denver, CO",Software Engineer,1.0,3.0,80000.0,0.0,4000.0,0.0,Male,
2016-03-21 14:25:00,Microsoft,"Redmond, WA",Senior Software Engineer,4.0,4.0,147000.0,5000.0,26000.0,22000.0,Male,
2016-03-21 14:25:00,,New York City,Web Developer,3.0,5.0,42000.0,0.0,800.0,0.0,Male,
2016-03-21 14:25:00,Edgecase,Austin,Web Developer,1.0,2.0,55000.0,0.0,0.0,0.0,Male,
2016-03-21 14:25:00,Freelance,"Zurich, Switzerland",Software Security engineer,0.0,10.0,140000.0,0.0,20000.0,0.0,Male,
2016-03-21 14:25:00,General Electric,San Ramon,Sr Software Engineer,3.0,6.5,136000.0,0.0,13600.0,6000.0,Male,
2016-03-21 14:26:00,TransferWise,London,Software Engineer,1.0,2.5,45000.0,0.0,0.0,0.0,Male,
2016-03-21 14:26:00,Thermo Fisher Scientific,"Lowell, MA",Software Engineer II,2.0,3.0,84000.0,5000.0,4000.0,0.0,Male,
2016-03-21 14:27:00,,Vancouver,Developer,6.0,8.0,65000.0,0.0,1000.0,0.0,Male,
2016-03-21 14:27:00,,The Hague,CISO,4.0,10.0,62000.0,0.0,40000.0,0.0,Male,
2016-03-21 14:27:00,,Atlanta,Software Engineer,2.0,2.0,65000.0,0.0,5000.0,0.0,Male,
2016-03-21 14:27:00,,"San Francisco, CA",Senior Software Engineer,1.0,10.0,165000.0,15000.0,10000.0,0.0,Male,the options are probably worthless
2016-03-21 14:27:00,Google,"Mountain View, CA",Web Solutions Engineer,1.0,10.0,120000.0,0.0,18000.0,28000.0,,
2016-03-21 14:27:00,Orbitz,Chicago,Software Engineer,3.0,6.0,780000.0,0.0,3500.0,0.0,Male,"Orbitz is very cheap when it comes to giving increments or salaries and now when Expedia has taken over... Forget the increments... My felllow ""scrappy"" Orbitz engineers, Run! Run!! Run!!!!!"
2016-03-21 14:27:00,,Remote,Developer,1.0,6.0,112000.0,0.0,3000.0,10000.0,Male,
2016-03-21 14:28:00,Mozilla,Remote (midwest),Engineering Manager,6.0,15.0,132000.0,0.0,3552.0,0.0,Male,
2016-03-21 14:28:00,Indiana University,"Indianapolis, IN",IT Systems Specialist,1.0,10.0,85000.0,0.0,0.0,0.0,Male,
2016-03-21 14:28:00,Startup,"London, UK",UI lead,2.0,10.0,105000.0,0.0,0.0,0.0,Male,
2016-03-21 14:28:00,,Nottingham UK,Jnr Software Developer,1.0,1.0,20500.0,0.0,0.0,0.0,Male,
2016-03-21 14:28:00,Uber Technologies,San Francisco,Software Engineer,1.0,4.0,140000.0,0.0,50000.0,200000.0,Male,
2016-03-21 14:28:00,,"Chicago, IL",Engineering Manager,6.0,6.0,110000.0,0.0,0.0,0.0,Male,
2016-03-21 14:28:00,IBM,"Irvine, CA",Staff Software Engineer,4.0,4.0,88800.0,0.0,1000.0,0.0,Male,
2016-03-21 14:29:00,amazon,san francisco,Software Engineer,2.0,8.0,140000.0,0.0,0.0,0.0,Male,
2016-03-21 14:29:00,,Israel,Junior Software Engineer,1.0,1.0,62200.0,0.0,0.0,0.0,Male,Small (<10 employees) startup
2016-03-21 14:29:00,,San Francisco,iOS Engineer,4.0,6.0,145000.0,0.0,0.0,70000.0,Male,
2016-03-21 14:29:00,,"Stockholm, Sweden",Developer,1.0,3.0,67000.0,0.0,0.0,0.0,Male,
2016-03-21 14:29:00,,"Portland, OR",Front-end developer,0.0,7.0,105000.0,0.0,0.0,0.0,Male,
2016-03-21 14:30:00,Intuit,San Diego,Software Engineer,2.0,3.0,95000.0,5000.0,5000.0,0.0,Male,
2016-03-21 14:30:00,SoftVision,Cluj-Napoca,Full-stack developer,5.0,5.0,42000.0,3000.0,0.0,0.0,Male,
2016-03-21 14:30:00,Ericsson,Hungary,Software Developer,10.0,10.0,28000.0,0.0,1500.0,0.0,Male,
2016-03-21 14:30:00,Apple,"Cupertino, CA",Firmware Engineer,4.0,5.0,120000.0,10000.0,10000.0,35000.0,Male,
2016-03-21 14:30:00,,Barcelona,CTO,1.0,4.0,42000.0,0.0,0.0,0.0,Male,
2016-03-21 14:32:00,Amazon,New York,SDE2,3.0,8.0,140000.0,40000.0,0.0,100000.0,Male,
2016-03-21 14:31:00,,New York,Big Data Engineer,0.0,4.0,95000.0,0.0,0.0,0.0,Male,
2016-03-21 14:31:00,,Remote US,Head of Software Engineering,1.0,9.0,140000.0,0.0,0.0,0.0,Male,
2016-03-21 14:31:00,,"Boston, MA",Senior Software Engineer,5.0,5.0,105000.0,0.0,10000.0,0.0,Male,
2016-03-21 14:31:00,University of California,San Diego,Graduate Student,4.0,6.0,32500.0,0.0,0.0,0.0,Male,Some perspective.
2016-03-21 14:31:00,,"Raleigh, NC",Programmer Analyst I,3.0,3.0,52000.0,0.0,0.0,0.0,Male,
2016-03-21 14:32:00,aaaa,aaaa,asdasdd,12.0,12.0,123123.0,12.0,12.0,123.0,Male,adasd
2016-03-21 14:32:00,George Mason University,"Fairfax, VA",Assistant Professor,4.0,4.0,102000.0,0.0,20400.0,0.0,Male,
2016-03-21 14:33:00,Placed Inc,Seattle,Big Data Engineer,0.0,1.0,68500.0,0.0,0.0,110.0,Male,
2016-03-21 14:33:00,BiSITE Research Group,"Salamanca, Spain",Intern Software Engineer,0.0,4.0,5160.0,0.0,0.0,0.0,Male,
2016-03-21 14:33:00,,Southwest MO,PHP Developer,2.0,15.0,48500.0,0.0,2800.0,0.0,Male,
2016-03-21 14:33:00,Qualcomm,Colorado,Senior Engineer,4.0,4.0,120000.0,20000.0,5000.0,10000.0,Male,
2016-03-21 14:33:00,A Law Firm,Honolulu,Web Developer,1.0,2.0,75000.0,0.0,5000.0,0.0,Male,
2016-03-21 14:34:00,,"Ontario, Canada",Solutions Consultant,1.0,2.0,51000.0,0.0,2700.0,0.0,Male,
2016-03-21 14:34:00,Penn Medicine,"Philadelphia, PA",Senior Software Developer,2.0,5.0,90000.0,0.0,0.0,0.0,Male,
2016-03-21 14:35:00,Elisa,"Helsinki, Finland",Senior Software Engineer,11.0,13.0,48000.0,0.0,1000.0,0.0,Male,Remote
2016-03-21 14:35:00,AGL Energy,"Melbourne, Australia",Analyst,1.0,3.0,90000.0,0.0,10000.0,1000.0,Male,
2016-03-21 14:35:00,Etsy,Brooklyn,Software Developer,3.0,7.0,130000.0,0.0,0.0,10000.0,Male,
2016-03-21 14:35:00,Shadowfax,India,Business Analyst,1.0,3.0,25000.0,0.0,2500.0,0.0,Male,
2016-03-21 14:36:00,La michoacana,Las juntas,Servidor de Aguas,7.0,3.0,48000.0,0.0,0.0,0.0,Male,
2016-03-21 14:36:00,,"Victoria, BC",Full-stack developer,3.0,3.0,85000.0,0.0,0.0,0.0,Male,
2016-03-21 14:36:00,Startup,Berkeley,Firmware Engineer,1.0,2.0,90000.0,0.0,0.0,2500.0,Male,
2016-03-21 14:36:00,~100 person startup,San Francisco,Software Engineer / Team Lead,2.0,5.0,140000.0,0.0,0.0,75000.0,Male,
2016-03-21 14:36:00,Too small to say publicly,"Dayton, OH",Research Engineer,1.0,7.0,119500.0,0.0,0.0,0.0,Male,Small employee-owned companies are great! Down with closely-held companies! Start co-ops!
2016-03-21 14:37:00,,Florida,Systems Engineer,6.0,8.0,85000.0,5000.0,5000.0,0.0,Male,
2016-03-21 14:37:00,,"Edmonton, Alberta, Canada",Software Developer,6.0,10.0,56000.0,0.0,5.0,0.0,Male,
2016-03-21 14:37:00,prominent consultancy,New York City,Mobile Developer,1.0,3.0,111000.0,5000.0,0.0,0.0,Male,
2016-03-21 14:38:00,Smallest possible startup,NSW,Senior Software Developer,3.0,12.0,150000.0,0.0,0.0,0.0,Male,I'm hugely being underpaid.
2016-03-21 14:38:00,,,Member of Technical Staff,0.0,10.0,170000.0,10000.0,20000.0,0.0,Male,
2016-03-21 14:38:00,,Mountain View,Software Developer,3.0,6.0,163000.0,0.0,0.0,0.0,Male,
2016-03-21 14:38:00,,Bangalore,Software Engineer,1.0,1.0,9022.0,0.0,0.0,0.0,Male,
2016-03-21 14:39:00,Housing.com,Mumbai,Software Developer,1.0,1.0,27000.0,0.0,0.0,0.0,Male,
2016-03-21 14:39:00,PZU S.A.,"Warsaw, Poland",Software Developer,1.0,3.0,27000.0,0.0,0.0,0.0,Male,
2016-03-21 14:39:00,Qualcomm,San Diego,Senior Engineer,4.0,4.0,105000.0,5000.0,3500.0,13000.0,Male,
2016-03-21 14:40:00,Microsoft,"Seattle, WA",Senior Applied Scientist,6.0,6.0,155000.0,0.0,30000.0,20000.0,Male,
2016-03-21 14:40:00,Freelance,Zürich,Front End Developer,3.0,9.0,110000.0,0.0,0.0,0.0,Male,
2016-03-21 14:41:00,,,Software Engineer,1.0,3.0,47000.0,0.0,0.0,0.0,Male,
2016-03-21 14:41:00,,Sweden,Software developer,3.0,10.0,48723.0,0.0,0.0,0.0,Male,Sweet form bro
2016-03-21 14:41:00,Craftsy,"Denver, CO",Lead Engineer,4.0,11.0,120000.0,0.0,0.0,0.0,Male,I have a standard cliff/monthly vest option grant but i value it at zero.
2016-03-21 14:41:00,Sonar,San Francisco,Software Engineer,1.0,5.0,95000.0,0.0,0.0,0.0,Male,Sonar is the worst.
2016-03-21 14:42:00,Mozilla,UK,Senior Software Engineer,0.0,0.0,85000.0,0.0,25000.0,0.0,Male,
2016-03-21 14:42:00,Neuvoo,Venezuela,Full Stack Software Engineer,0.0,3.0,8400.0,0.0,0.0,0.0,Male,
2016-03-21 14:42:00,,"Guadalajara, Mexico",Web Developer,2.0,5.0,12000.0,0.0,0.0,0.0,Male,
2016-03-21 14:43:00,,New York City,Full-Stack Software Engineer,2.0,2.5,104000.0,0.0,10000.0,0.0,Male,
2016-03-21 14:44:00,CodeChangers,"St. George, UT",Content Manager,0.0,3.0,45000.0,0.0,0.0,0.0,Male,
2016-03-21 14:44:00,Bloomberg,"New York, NY",software developer,3.0,3.0,139000.0,5000.0,17000.0,0.0,Male,
2016-03-21 14:44:00,UMBC Imaging Research Center,"Baltimore, MD",Faculty Research Assistant,1.0,2.0,42000.0,0.0,0.0,0.0,Male,
2016-03-21 14:44:00,"Twitch, now owned by Amazon",San Francisco,Software Engineer,3.0,5.0,150000.0,0.0,0.0,400000.0,Male,stock is from acquisition
2016-03-21 14:45:00,Digitaslbi,New York City,Senior Analyst,0.0,2.0,90000.0,0.0,0.0,0.0,Male,
2016-03-21 14:46:00,New York University,"New York, NY",Grader,1.0,1.0,6320.0,0.0,0.0,0.0,Male,10 hour position for Spring 2015 semester paying $2120 and 20 hour position for Fall 2015 semester paying $4200
2016-03-25 05:50:00,,,Director Digital Marketing,0.0,15.0,140000.0,0.0,20.0,0.0,,
2016-03-25 06:14:00,Reliance Jio,"Mumbai, India",iOS Developer,1.0,1.0,405000.0,0.0,45000.0,0.0,Female,In Rupees (Indian Currency)
2016-03-25 06:18:00,,"Orlando, FL",Software Engineer,1.0,5.0,65000.0,0.0,0.0,0.0,Male,plus 10% 401k match
2016-03-25 06:33:00,Yandex,Moscow,Frontend developer,1.0,3.0,25000.0,0.0,1500.0,0.0,Male,Russian ruble halved the salary
2016-03-25 06:39:00,Red Hat,"remote, southeast US",software developer,4.0,8.0,75000.0,30025.0,4.0,0.0,Male,"from what I've seen, entering Red Hat as a senior developer (level above mine) is the sweet spot"
2016-03-25 07:27:00,Freelance,"Düsseldorf, Germany",Software Developer,3.0,10.0,53500.0,0.0,0.0,0.0,Male,
2016-03-25 07:33:00,Cigna,Usa,Informatics Manager,4.0,7.0,125000.0,0.0,15000.0,0.0,Male,
2016-03-25 08:29:00,Cyim,"Rennes, France",Web developper,4.0,5.0,29500.0,0.0,0.0,500.0,Male,values in euro.
2016-03-25 08:44:00,BoomTown,Charleston SC,Director of Core Product,10.0,15.0,150000.0,0.0,0.0,0.0,Male,
2016-03-25 09:02:00,,Boston,Analytics Developer,2.0,3.0,65000.0,0.0,2500.0,0.0,Male,
2016-03-25 09:08:00,,"Minneapolis, MN",Lead Developer (UI),1.0,3.0,100000.0,0.0,6000.0,0.0,,
2016-03-25 09:31:00,Worldquant LLC,Connecticut,Developer,3.0,6.0,125000.0,0.0,30000.0,0.0,Male,
2016-03-25 09:39:00,,"Chicago, il",Senior Web Developer,1.0,10.0,98000.0,0.0,0.0,0.0,Male,
2016-03-25 09:41:00,Insurance,Germany,student,3.0,0.0,30000.0,0.0,2000.0,0.0,Male,"full-time student, working in holidays and have to stay working there for 3 years after graduation"
2016-03-25 09:56:00,Udacity,Seattle,Community Manager,1.0,1.0,70000.0,0.0,0.0,0.0,Male,
2016-03-25 10:43:00,Google,Mountain View,Mechanical Engineer,2.0,6.0,153000.0,60000.0,23000.0,110000.0,Male,
2016-03-25 10:58:00,Ionic Security,"Atlanta, Ga",Software Engineer,2.0,5.0,109000.0,0.0,8000.0,0.0,Male,
2016-03-25 11:19:00,,,Software Engineer,1.0,12.0,100000.0,0.0,0.0,0.0,Male,
2016-03-25 13:11:00,Nest Labs,Palo Alto,Software Engineer II,1.0,1.0,105000.0,35000.0,15000.0,60000.0,Male,
2016-03-25 15:34:00,,"Indianapolis, IN",Software Engineer II,4.0,4.0,83000.0,0.0,0.0,0.0,Male,
2016-03-25 15:42:00,French start up,Paris,Software engineer,1.0,2.0,40000.0,0.0,5.0,0.0,Male,
2016-03-25 16:07:00,McKesson,USA,Software Engineer,2.0,9.0,100000.0,0.0,0.0,0.0,Male,
2016-03-26 08:45:00,SaaS startups,Remote,Online content coordinator,3.0,7.0,52000.0,0.0,0.0,0.0,Female,
2016-03-26 10:37:00,FDV Solutions,Buenos Aires,Tech Lead,6.0,6.0,22300.0,0.0,3300.0,0.0,Male,
2016-03-26 11:39:00,,"Los Angeles, CA","Director, Web Engineering",2.0,10.0,120000.0,0.0,0.0,0.0,Male,
2016-03-26 11:54:00,Healthcare,Los Angeles,Architect,6.0,11.0,165000.0,0.0,0.0,0.0,Male,
2016-03-26 12:58:00,,San Mateo,Senior Full Stack Engineer,1.0,9.0,130000.0,10000.0,0.0,0.0,Male,
2016-03-26 18:38:00,Akamai,"Cambridge, MA",Senior Performance Engineer II,5.0,10.0,133030.0,0.0,13000.0,20000.0,Male,
2016-03-26 19:59:00,SpotX,"Denver, CO",Software Engineer,1.0,3.0,72000.0,0.0,4000.0,0.0,Male,
2016-03-27 01:02:00,,Chicago,Senior Product Designer,1.0,5.0,138000.0,20000.0,24000.0,50000.0,Male,
2016-03-27 02:38:00,YES,Tokyo,Manager,5.0,5.0,70000.0,0.0,0.0,0.0,Male,
2016-03-27 07:32:00,카카오,제주,기획자,8.0,8.0,6100.0,0.0,0.0,0.0,Male,
2016-03-27 09:22:00,Pocket Concierge,"Tokyo, Japan",CTO,2.0,3.0,60000.0,0.0,0.0,0.0,Male,I want to set even higher in people of successor.
2016-03-27 10:38:00,4 Developer Company,"Edmonton, AB",Senior Software Developer,4.0,5.0,57000.0,0.0,0.0,0.0,Male,
2016-03-28 10:20:00,Herjavec,Toronto,Security Consultant,6.0,6.0,76000.0,0.0,7500.0,0.0,Male,
2016-03-28 15:29:00,,"Miami, FL",Software Engineer,2.0,7.0,120000.0,10000.0,12000.0,0.0,Male,
2016-03-28 18:47:00,,Chicago,Senior Software Engineer,2.0,5.0,140000.0,5000.0,0.0,5000.0,Male,
2016-03-28 21:33:00,Twilio,"San Francisco, CA",Senior Software Engineer,2.0,7.0,135000.0,10000.0,0.0,0.0,Male,
2016-03-29 01:48:00,Dublin City University,Dublin,Research Engineer,2.0,3.0,40400.0,0.0,0.0,0.0,Male,
2016-03-29 04:11:00,Amazon,Chennai,SDE 2,5.0,5.0,27000.0,1500.0,0.0,28000.0,Male,
2016-03-29 05:42:00,wuaki.tv,Barcelona,frontend developer,1.0,1.0,38000.0,0.0,3800.0,0.0,Male,
2016-03-29 19:35:00,,"San Antonio, TX",CEO (Co-Founder),3.0,15.0,60000.0,0.0,0.0,0.0,Male,"Seed stage startup (~$1M total funding); < 10 employees; majority ownership, < $50K MRR"
2016-03-30 09:20:00,Deluxe/Jumpline Hosting,"St Petersburg, Florida, US",Director of IT,0.0,0.0,138000.0,5000.0,0.0,0.0,Male,
2016-03-30 10:48:00,ARRIS,Argentina,Sw Eng Manager,5.0,15.0,60000.0,0.0,4000.0,4000.0,Male,
2016-03-30 11:00:00,,"Chicago, IL",Software Engineer,7.0,7.0,120000.0,0.0,3000.0,0.0,Male,
2016-03-31 06:48:00,Sellry Inc,"Fort Collins, CO",CEO,7.0,12.0,60000.0,0.0,100000.0,0.0,Male,
2016-04-01 07:57:00,,,Senior Software Engineer,3.0,25.0,150000.0,10000.0,15000.0,0.0,Male,
2016-04-01 16:36:00,BlackRock,New York,Software Developer,1.0,1.0,85000.0,10000.0,812.0,0.0,Male,
2016-04-01 16:45:00,JLL,"Chicago, IL",Marketing Manager,4.0,0.0,79000.0,0.0,7900.0,0.0,Female,
2016-04-01 18:28:00,Epic,"Madisn, WI",TS,4.0,4.0,95000.0,0.0,6.0,0.0,Male,
2016-04-02 16:41:00,PSCU,Tampa,ETL Developer,1.0,3.0,89000.0,0.0,15000.0,0.0,Male,
2016-04-02 17:13:00,WIT Software,Porto - Portugal,Senior Software Engineer,2.0,6.0,27300.0,0.0,31950.0,0.0,Male,
2016-04-06 10:56:00,sdfsdfg,dfgdfg,cto,4.0,5.0,20000.0,30000.0,20000.0,0.0,Male,
2016-04-06 11:01:00,private,"Berlin, Germany",Backend developer,0.0,18.0,80000.0,0.0,0.0,0.0,Male,
2016-04-07 17:43:00,,"Franconia, NH",Software Developer,1.0,4.0,45000.0,0.0,500.0,0.0,Male,
2016-04-08 06:08:00,Bronto software,"Durham, NC",Senior Software,1.0,25.0,115000.0,5000.0,10000.0,3000.0,Male,
2016-04-09 13:30:00,Charles Schwab,Indianapolis,Senior Systems Engineer,3.0,16.0,87000.0,0.0,12000.0,0.0,Male,
2016-04-09 13:58:00,,"Raleigh, NC",Junior Software Developer,0.0,0.0,55000.0,0.0,0.0,0.0,Male,
2016-04-11 08:32:00,GE,France,Cybersecurity engineer,3.0,3.0,40000.0,0.0,2000.0,0.0,Male,
2016-04-17 03:59:00,Palantir,London,FDE,0.0,8.0,134000.0,0.0,10000.0,9000.0,Male,
2016-04-20 07:57:00,,"Milwaukee, WI",Application Developer,6.0,13.0,93350.0,0.0,0.0,0.0,Male,
2016-04-20 08:18:00,Startup (<20 people),Austin,Lead Engineer,1.0,8.0,120000.0,0.0,0.0,0.0,Male,
2016-04-21 06:48:00,,,Senior Software Engineer,1.0,6.0,170000.0,20000.0,30000.0,100000.0,Male,
2016-04-28 14:36:00,,"Austin, Texas",Software Engineer,0.0,0.0,100000.0,15.0,10.0,1500.0,Male,
2016-05-03 13:46:00,Cerner,Kansas City,Business Analyst,5.0,5.0,44000.0,0.0,0.0,0.0,Male,
2016-05-03 21:25:00,,new york city,Software Engineer,3.0,6.0,115.0,0.0,0.0,0.0,Male,
2016-05-03 22:15:00,,NYC,Software Developer,0.0,0.0,125000.0,10000.0,50000.0,0.0,Male,
2016-05-05 09:48:00,Zipari,New York,Software Engineer,1.0,4.0,90000.0,0.0,0.0,0.0,Male,
2016-05-07 09:50:00,Chicago Fintech Firm,Chicago,Sr. Software Engineer,1.0,4.0,84000.0,2000.0,6000.0,0.0,Male,
2016-05-17 00:31:00,McKinsey,Chicago,Business Analyst,3.0,0.0,70000.0,10000.0,0.0,10000.0,Male,From 2011
2016-06-05 18:30:00,Anonymous,NYC,Lead Engineer,5.0,10.0,152000.0,0.0,7000.0,2000.0,Male,
2016-06-05 20:07:00,Hulu,Santa Monica,Software Developer Intern,0.0,2.0,75600.0,1000.0,0.0,0.0,Male,"Summer intern, housing was included."
2016-06-06 18:25:00,,"Boulder, CO",Data Scientist,1.0,5.0,95000.0,0.0,20000.0,0.0,Male,
2016-06-07 12:34:00,,Oregon,Software Engineer,3.0,8.0,107280.0,16000.0,6500.0,0.0,Male,
2016-06-08 14:07:00,,,Project Manager,2.0,1.0,65000.0,0.0,0.0,0.0,Male,
2016-06-11 05:43:00,E,Q,Dev,0.0,0.0,50000.0,0.0,0.0,0.0,Male,
2016-06-13 15:46:00,Anon,Denver,COO,1.0,10.0,110000.0,0.0,0.0,0.0,Male,
2016-06-16 10:35:00,Kronos Incorporated,"Boston, MA",Software Engineer II,0.0,1.0,83000.0,0.0,510.0,0.0,Male,
2016-06-23 17:39:00,LinkedIn,"Sunnyvale, CA, USA",Senior Software Engineer,2.0,4.0,159000.0,40000.0,20000.0,70000.0,Male,
2016-07-03 15:37:00,Microsoft,,Software Engineer,0.0,0.0,115000.0,75000.0,0.0,0.0,Male,
2016-07-07 12:36:00,"Zapier, Inc",Remote - North America,Devops Engineer,2.0,15.0,95000.0,0.0,6000.0,0.0,Male,"90000 at sign on, raise to 95000 after 6 months, 0.2% equity 1 year cliff/4 year vesting"
2016-07-08 15:34:00,,"Barcelona, Spain",Backend engineer,2.0,13.0,33.0,0.0,0.0,0.0,Male,
2016-07-09 13:21:00,,Palo Alto,Senior Software Engg,4.0,10.0,112000.0,5000.0,5000.0,0.0,Male,
2016-07-20 11:42:00,,"Phoenix, AZ",Software Developer,5.0,10.0,92040.0,0.0,0.0,0.0,Male,
2016-08-07 22:52:00,,,Product Manager,0.0,1.0,105000.0,0.0,21000.0,12500.0,Male,
2016-08-08 17:41:00,,"Austin, TX",Software Engineer,0.0,1.0,70000.0,6000.0,6000.0,0.0,Male,
2016-08-09 02:42:00,ArborMetrix,"Ann Arbor, Michigan",Software Developer,1.0,1.0,63000.0,0.0,1000.0,0.0,Male,
2016-08-18 19:10:00,Oracle,San Francisco,Senior Product Manager,3.0,6.0,125000.0,0.0,0.0,30000.0,Male,
2016-08-22 13:24:00,Digimarc,Portland,Software Engineer,1.0,2.0,72500.0,0.0,0.0,2500.0,Male,
2016-09-01 21:15:00,Enova International,Chicago,Sr Software Engineer,2.0,5.0,103000.0,2000.0,10000.0,0.0,Male,
2016-09-06 21:28:00,Enova International,Chicago,Senior Engineer,2.0,6.0,103000.0,0.0,10300.0,0.0,Male,
2016-09-07 16:00:00,Enova,Chicago,Senior engineer,2.0,4.0,90000.0,5000.0,10000.0,0.0,Male,
2016-09-16 14:19:00,Microsoft,Seattle,SDE II,3.0,3.0,131400.0,10000.0,18000.0,10000.0,Male,
2016-09-16 18:27:00,AppDynamics,San Francisco,Senior Site Reliability Engineer,2.0,10.0,125000.0,0.0,12500.0,17000.0,Male,7500 ISO shares over 4 years
2016-09-27 18:47:00,Salesforce SFDC,San Francisco,Associate Member Technical Staff AMTS,0.0,0.0,108000.0,25000.0,11000.0,16500.0,Male,
2016-09-29 20:51:00,Google,San Francisco,Software,2.0,2.0,100000.0,0.0,0.0,0.0,Male,
2016-09-30 22:17:00,SafetyCulture,Sydney,Senior iOS Developer,1.0,7.0,120000.0,0.0,0.0,25000.0,Male,
2016-10-09 13:34:00,Yodle,"Austin, TX",Software Engineer,1.0,5.0,115000.0,0.0,0.0,0.0,Male,
2016-10-19 01:28:00,Siemens Corporate Technology,"Princeton, NJ",Technical Intern,0.0,1.0,45000.0,0.0,0.0,0.0,Male,
2016-10-23 05:24:00,Finance company,Netherlands,Syseng,0.0,2.0,50000.0,0.0,0.0,12000.0,Male,
2016-11-03 10:35:00,Etsy,NYC,Engineering Manager,2.0,15.0,200000.0,25000.0,25000.0,10000.0,Male,
2016-11-07 18:35:00,Salesforce,San Francisco,ATMS,0.0,0.0,118000.0,25000.0,11800.0,18.75,Male,
2016-11-25 16:29:00,Google,New York City,Software Engineer L3,0.0,0.0,112000.0,0.0,22400.0,26325.0,Male,"New grad hire, fresh out of undergrad"
2016-12-03 22:57:00,,"Brisbane, Australia",Software Engineer,1.0,2.0,74000.0,0.0,3000.0,0.0,Male,
2016-12-08 11:23:00,<49-person angel-stage startup,"Portland, OR",Engineering Manager,2.0,13.0,137500.0,0.0,0.0,0.0,Male,<1% initial stock options
2016-12-13 23:10:00,Amzn,Seattle,Product Manager,2.0,5.0,92.0,17.0,20.0,6.0,Male,
2016-12-14 14:32:00,Amazon Lab126,Sunnyvale CA,PD engineering program manager,1.0,1.0,105900.0,0.0,26000.0,20000.0,Female,
2016-12-18 12:30:00,Uber,San Francisco,Data Scientist II,1.0,3.0,140000.0,0.0,100000.0,115.0,Male,
2016-12-22 21:24:00,Microsoft,Redmond,Software Developer 2,6.0,2.0,122000.0,30000.0,12200.0,1000.0,Male,
2017-01-07 17:39:00,,"Naperville, IL",Lead Developer,2.0,17.0,110000.0,1200.0,10000.0,0.0,Male,
2017-01-10 20:15:00,,"St. Louis, MO","Software, project lead",3.0,21.0,170000.0,0.0,25000.0,0.0,Male,
2017-01-10 21:28:00,A chip maker,Silicon Valley,ASIC Hardware Engineer,9.0,10.0,229000.0,30000.0,0.0,80000.0,Male,
2017-01-10 22:00:00,,San Francisco,iOS Developer,1.0,3.0,115000.0,0.0,2000.0,50000.0,Male,
2017-01-11 06:30:00,,Charleston,Front-end Engineer,1.0,3.0,72000.0,0.0,0.0,0.0,Female,
2017-01-12 05:18:00,MIT,Ma,Assoc Staff,5.0,5.0,100000.0,0.0,0.0,0.0,Male,
2017-01-19 01:26:00,,Salt Lake City,Technical Lead,1.0,6.0,130000.0,0.0,0.0,0.0,Male,
2017-02-08 22:04:00,,"Rochester, NY",Senior Software Engineer,1.0,9.0,135000.0,5000.0,20000.0,0.0,Male,
2017-03-03 06:39:00,,Poland,Ruby full-stack engineer,1.0,6.0,53000.0,0.0,0.0,0.0,Male,
2017-03-16 13:44:00,baba,"louisville,ky",developer,1.0,10.0,115000.0,5000.0,5000.0,0.0,Male,
2017-03-20 05:02:00,3q3gq3,g3q3g,34g14g34,3.0,3.0,33333.0,333.0,333.0,3333.0,Male,33
2017-03-21 06:56:00,Google,Mountain View,Software Engineer,2.0,4.0,150000.0,27000.0,30000.0,125000.0,Male,
2017-04-03 05:38:00,Amazon,Seattle,TPM L6,2.0,18.0,137.0,40.0,0.0,3.0,Male,
2017-04-13 08:23:00,,Wisconsin,Compliance Specialist,1.0,1.0,35000.0,0.0,1200.0,0.0,Male,
2017-05-09 18:06:00,Decision Resources,Boston,Analytic Lead,3.0,7.0,175000.0,0.0,25000.0,0.0,Male,
2017-06-12 11:25:00,Target Corp,"Minneapolis, MN",Sr BI Engineer,2.0,4.0,110000.0,0.0,5000.0,0.0,Male,
2017-06-12 11:35:00,,"St. Louis, MO",Software Developer,0.0,4.5,70000.0,0.0,0.0,0.0,Male,
2017-06-13 18:32:00,SBI BITS,Tokyo,Developer,2.0,9.0,78000.0,0.0,14000.0,0.0,Male,Paid in JPY
2017-06-26 16:47:00,Amazon,,IT Engineer,3.0,4.0,45000.0,0.0,5000.0,8000.0,Male,
2017-07-01 15:54:00,Twitter,Bos,Sre,1.0,1.0,115000.0,10000.0,2500.0,20000.0,Male,
2017-08-08 06:20:00,Startup,"New York, NY",Senior Software Engineer,3.0,7.0,165000.0,0.0,0.0,0.0,Male,
2017-09-05 16:13:00,,,Senior Enginer,2.0,16.0,85000.0,5000.0,2000.0,0.0,Male,
2017-10-06 07:39:00,,"Bucharest, Romania",Software Engineer,2.0,5.0,42000.0,0.0,10000.0,0.0,Male,
2017-10-16 20:34:00,Twitter,Boston,SRE II,1.0,1.0,120000.0,10.0,0.0,22500.0,Male,
2017-10-25 09:53:00,GoDaddy.com,Denver,Developer,4.0,10.0,105000.0,5000.0,0.0,0.0,Male,
2017-11-11 14:25:00,Amazon,Seattle,SDE II,3.0,3.0,135000.0,47000.0,0.0,50000.0,Male,
2017-12-26 00:13:00,Yelp,SF,Software Engineer,2.0,0.0,130000.0,0.0,0.0,75000.0,Male,
2018-01-04 06:16:00,American Airlines,Phoenix,Sr Developer,5.0,5.0,102000.0,0.0,0.0,0.0,Male,
2018-01-18 05:23:00,,Los Angeles,Senior Software Engineer,2.0,15.0,153000.0,0.0,30000.0,70000.0,Male,
2018-03-19 17:59:00,Google,Mountain View,Software Engineer TVC,2.0,8.0,160000.0,0.0,0.0,0.0,Male,
2018-05-29 14:17:00,,Victoria,Junior Software Developer,2.0,4.0,48000.0,0.0,0.0,0.0,Male,
2018-07-18 12:53:00,Compliahealth,Victoria,Software Developer,2.0,3.0,48000.0,0.0,0.0,0.0,Female,
2018-07-21 01:47:00,Bank,London,Analyst,0.0,0.0,70000.0,5000.0,5000.0,0.0,Female,
2018-07-31 12:39:00,Media consultancy,London,Software developer,1.0,4.0,80000.0,5000.0,5000.0,0.0,Male,
2018-08-28 14:04:00,Starbucks,Seattle,Engineer II,1.0,6.0,123000.0,0.0,0.0,0.0,Male,
2018-08-28 15:33:00,Microsoft,Redmond,Software Engineer 2,2.0,2.0,127000.0,10000.0,11000.0,62000.0,Male,
2018-08-28 15:39:00,Apple,Walnut Creek CA,Creative,7.0,20.0,48000.0,0.0,1000.0,2000.0,Male,
2018-08-28 15:40:00,,"Glasgow, UK",Software Engineer,1.0,3.0,43000.0,4000.0,4000.0,0.0,Male,
2018-08-28 19:27:00,,"Austin, TX",Product Manager,1.0,3.0,90000.0,0.0,0.0,0.0,Female,
2018-08-29 06:43:00,,"Baltimore, Maryland",Associate Software Engineer,1.0,2.0,71000.0,0.0,0.0,0.0,Male,
2018-09-24 09:16:00,,Austin TX,Mathematician,3.0,6.0,91000.0,15000.0,0.0,0.0,Male,
2019-05-06 07:34:00,,"Malaga, Spain",Software Developer,1.0,1.0,27000.0,0.0,0.0,2000.0,Male,
2019-11-10 13:16:00,Booking.com,Amsterdam,Developer,3.0,14.0,80000.0,3000.0,12000.0,7000.0,Male,
2020-02-06 07:26:00,Full time,Cheonan,Production plan,0.0,1.0,36000000.0,3600000.0,0.0,0.0,Male,
2020-04-23 14:17:00,Amazon,Austin,Sr PM-T,4.0,13.0,138600.0,45000.0,84000.0,84000.0,Male,
2020-05-24 20:29:00,Target,,Software Developer,1.0,2.0,100000.0,20000.0,0.0,0.0,Male,
2020-06-03 07:52:00,200 person startup,"Berlin, Germany",Product Manager,2.0,7.0,85000.0,0.0,0.0,0.0,Male,"30 days annual vacation, few & crappy perks (foosball table, ping pong table, free fruit)"
2020-08-06 22:20:00,PENSCO,Denver,Sr. Software Engineer,3.0,12.0,134000.0,0.0,12000.0,6000.0,Male,
2020-08-20 18:07:00,Liberty Mutual Insurance,"Seattle, WA",Software Engineer,1.0,1.0,96750.0,6000.0,6288.0,0.0,Female,
2020-12-02 04:48:00,Discover,Chicago,Software developer,10.0,10.0,135000.0,5000.0,10000.0,3000.0,Male,